,Unnamed: 0,age,assists,attempted_field_goals,attempted_free_throws,attempted_three_point_field_goals,blocks,defensive_rebounds,games_played,games_started,made_field_goals,made_free_throws,made_three_point_field_goals,minutes_played,name,offensive_rebounds,personal_fouls,positions,slug,steals,team,turnovers,filename
0,0,25,1,16,12,0,2,17,8,0,7,7,0,63,Jeff Adrien,5,13,['POWER FORWARD'],adrieje01,0,HOUSTON ROCKETS,2,totals_2012.csv
1,1,26,149,699,247,221,13,157,62,62,329,197,88,2086,Arron Afflalo,40,134,['SHOOTING GUARD'],afflaar01,36,DENVER NUGGETS,85,totals_2012.csv
2,2,27,1,14,0,9,0,2,4,0,4,0,2,30,Blake Ahearn,0,4,['POINT GUARD'],ahearbl01,0,UTAH JAZZ,5,totals_2012.csv
3,3,23,3,36,8,0,9,32,14,0,13,7,0,122,Solomon Alabi,15,11,['CENTER'],alabiso01,2,TORONTO RAPTORS,5,totals_2012.csv
4,4,23,3,42,14,0,16,35,26,0,22,13,0,173,Cole Aldrich,13,22,['CENTER'],aldrico01,8,OKLAHOMA CITY THUNDER,9,totals_2012.csv
5,5,26,134,943,274,11,45,292,55,55,483,223,2,1994,LaMarcus Aldridge,150,153,['POWER FORWARD'],aldrila01,51,PORTLAND TRAIL BLAZERS,111,totals_2012.csv
6,6,22,34,167,14,0,18,124,41,15,79,11,0,624,Lavoy Allen,47,73,['POWER FORWARD'],allenla01,13,PHILADELPHIA 76ERS,20,totals_2012.csv
7,7,36,109,493,106,234,8,128,46,42,226,97,106,1565,Ray Allen*,14,83,['SHOOTING GUARD'],allenra02,49,BOSTON CELTICS,68,totals_2012.csv
8,8,30,79,448,175,26,33,135,58,57,210,140,8,1525,Tony Allen,98,142,['SHOOTING GUARD'],allento01,104,MEMPHIS GRIZZLIES,94,totals_2012.csv
9,9,26,2,17,3,3,0,7,4,0,6,1,1,67,Morris Almond,1,6,['SHOOTING GUARD'],almonmo01,7,WASHINGTON WIZARDS,1,totals_2012.csv
10,10,21,66,365,114,47,34,213,66,21,150,86,13,1477,Al-Farouq Aminu,95,136,['SMALL FORWARD'],aminual01,59,NEW ORLEANS HORNETS,91,totals_2012.csv
11,11,29,14,207,82,0,44,128,60,0,89,35,0,753,Lou Amundson,94,125,['POWER FORWARD'],amundlo01,27,INDIANA PACERS,45,totals_2012.csv
12,12,33,6,108,82,0,46,100,32,1,59,50,0,486,Chris Andersen,48,52,['CENTER'],anderch01,19,DENVER NUGGETS,17,totals_2012.csv
13,13,29,26,142,34,61,3,26,17,12,55,29,24,461,Alan Anderson,8,35,['SMALL FORWARD'],anderal01,5,TORONTO RAPTORS,25,totals_2012.csv
14,14,22,41,174,52,68,2,63,51,2,66,39,19,603,James Anderson,16,35,['SHOOTING GUARD'],anderja01,8,SAN ANTONIO SPURS,30,totals_2012.csv
15,15,23,54,757,171,422,26,247,61,61,332,150,166,1964,Ryan Anderson,224,146,['POWER FORWARD'],anderry01,50,ORLANDO MAGIC,57,totals_2012.csv
16,16,27,200,1025,367,203,24,256,55,55,441,295,68,1876,Carmelo Anthony,88,156,['SMALL FORWARD'],anthoca01,62,NEW YORK KNICKS,144,totals_2012.csv
17,17,29,9,152,71,0,84,150,64,51,85,49,0,1349,Joel Anthony,100,126,['CENTER'],anthojo01,36,MIAMI HEAT,45,totals_2012.csv
18,18,30,18,64,10,39,1,16,17,0,26,7,13,211,Gilbert Arenas,2,35,['POINT GUARD'],arenagi01,11,MEMPHIS GRIZZLIES,12,totals_2012.csv
19,19,26,135,403,102,87,25,174,41,41,168,79,29,1350,Trevor Ariza,41,73,['SMALL FORWARD'],arizatr01,69,NEW ORLEANS HORNETS,76,totals_2012.csv
20,20,25,32,156,103,0,68,223,66,2,79,47,0,971,Ömer Aşık,127,121,['CENTER'],asikom01,30,CHICAGO BULLS,68,totals_2012.csv
21,21,24,307,487,120,179,1,85,48,46,183,105,61,1408,D.J. Augustin,24,65,['POINT GUARD'],augusdj01,36,CHARLOTTE BOBCATS,110,totals_2012.csv
22,22,26,74,261,63,1,46,179,54,24,140,39,0,1088,Gustavo Ayón,86,118,['POWER FORWARD'],ayongu01,53,NEW ORLEANS HORNETS,46,totals_2012.csv
23,23,24,4,36,7,0,2,21,20,1,15,4,0,106,Jeff Ayres,12,16,['CENTER'],pendeje02,3,INDIANA PACERS,2,totals_2012.csv
24,24,28,0,8,0,3,0,0,3,0,3,0,1,18,Kelenna Azubuike,0,1,['SHOOTING GUARD'],azubuke01,1,DALLAS MAVERICKS,4,totals_2012.csv
25,25,22,16,173,20,100,4,79,40,4,71,17,43,537,Luke Babbitt,16,46,['SMALL FORWARD'],babbilu01,10,PORTLAND TRAIL BLAZERS,27,totals_2012.csv
26,26,27,5,32,11,9,3,20,14,0,16,8,2,115,Renaldo Balkman,6,14,['SMALL FORWARD'],balkmre01,4,NEW YORK KNICKS,6,totals_2012.csv
27,27,29,63,454,91,111,7,58,42,0,198,76,40,946,Leandro Barbosa,21,101,['SHOOTING GUARD'],barbole01,36,TORONTO RAPTORS,68,totals_2012.csv
28,28,29,33,183,33,59,0,37,22,0,73,25,25,436,Leandro Barbosa,12,34,['SHOOTING GUARD'],barbole01,20,INDIANA PACERS,26,totals_2012.csv
29,29,27,232,418,98,143,0,100,41,11,167,76,53,1032,J.J. Barea,14,61,['POINT GUARD'],bareajo01,21,MINNESOTA TIMBERWOLVES,103,totals_2012.csv
30,30,26,61,484,173,115,15,148,31,31,209,151,34,1032,Andrea Bargnani,24,52,['CENTER'],bargnan01,18,TORONTO RAPTORS,69,totals_2012.csv
31,31,31,126,387,128,138,48,247,63,16,175,95,46,1440,Matt Barnes,97,152,['SMALL FORWARD'],barnema02,35,LOS ANGELES LAKERS,73,totals_2012.csv
32,32,30,0,4,0,0,0,0,2,0,2,0,0,9,Earl Barron,1,5,['CENTER'],barroea01,0,GOLDEN STATE WARRIORS,0,totals_2012.csv
33,33,26,55,632,163,0,54,270,59,39,303,132,0,1868,Brandon Bass,95,135,['POWER FORWARD'],bassbr01,34,BOSTON CELTICS,65,totals_2012.csv
34,34,35,16,51,4,1,6,59,27,11,19,4,0,295,Tony Battie,8,26,['CENTER'],battito01,4,PHILADELPHIA 76ERS,4,totals_2012.csv
35,35,33,82,292,37,183,33,100,65,10,113,23,62,1499,Shane Battier,56,105,['SMALL FORWARD'],battish01,64,MIAMI HEAT,37,totals_2012.csv
36,36,23,84,641,159,274,60,190,59,34,289,133,107,1791,Nicolas Batum,81,105,['SMALL FORWARD'],batumni01,57,PORTLAND TRAIL BLAZERS,90,totals_2012.csv
37,37,23,118,276,88,104,4,58,31,11,117,75,44,705,Jerryd Bayless,8,70,['POINT GUARD'],bayleje01,24,TORONTO RAPTORS,53,totals_2012.csv
38,38,23,45,497,95,101,19,168,47,7,221,61,38,1087,Michael Beasley,39,83,['SMALL FORWARD'],beaslmi01,18,MINNESOTA TIMBERWOLVES,80,totals_2012.csv
39,39,23,152,445,69,132,28,132,53,12,188,58,38,1151,Rodrigue Beaubois,19,98,['POINT GUARD'],beaubro01,56,DALLAS MAVERICKS,70,totals_2012.csv
40,40,25,101,686,129,284,5,153,66,55,286,101,107,1966,Marco Belinelli,19,115,['SHOOTING GUARD'],belinma01,48,NEW ORLEANS HORNETS,69,totals_2012.csv
41,41,35,38,174,25,87,2,43,34,33,81,21,34,796,Raja Bell,6,78,['SHOOTING GUARD'],bellra01,13,UTAH JAZZ,21,totals_2012.csv
42,42,23,0,1,0,0,0,1,3,0,0,0,0,9,Keith Benson,2,0,['CENTER'],bensoke02,0,GOLDEN STATE WARRIORS,0,totals_2012.csv
43,43,33,80,124,8,85,3,54,39,4,35,6,27,557,Mike Bibby,5,45,['POINT GUARD'],bibbymi01,21,NEW YORK KNICKS,20,totals_2012.csv
44,44,25,16,64,9,0,45,131,47,35,39,1,0,739,Andris Biedriņš,45,125,['CENTER'],biedran01,23,GOLDEN STATE WARRIORS,14,totals_2012.csv
45,45,35,80,228,95,125,3,46,20,20,83,85,48,607,Chauncey Billups,4,40,['SHOOTING GUARD'],billuch01,9,LOS ANGELES CLIPPERS,38,totals_2012.csv
46,46,19,27,278,143,0,115,255,63,41,129,69,0,1455,Bismack Biyombo,113,145,['CENTER'],biyombi01,20,CHARLOTTE BOBCATS,71,totals_2012.csv
47,47,22,78,504,119,1,12,197,64,62,269,73,0,1363,DeJuan Blair,154,168,['POWER FORWARD'],blairde01,59,SAN ANTONIO SPURS,92,totals_2012.csv
48,48,31,175,268,27,158,2,76,53,5,101,21,53,1237,Steve Blake,9,75,['POINT GUARD'],blakest01,39,LOS ANGELES LAKERS,72,totals_2012.csv
49,49,25,28,245,49,7,17,108,26,13,93,33,2,626,Andray Blatche,42,54,['POWER FORWARD'],blatcan01,20,WASHINGTON WIZARDS,37,totals_2012.csv
50,50,22,66,126,44,30,14,43,40,1,49,28,6,464,Eric Bledsoe,22,58,['POINT GUARD'],bledser01,31,LOS ANGELES CLIPPERS,47,totals_2012.csv
51,51,31,3,21,5,12,0,6,5,1,8,2,3,94,Keith Bogans,5,15,['SMALL FORWARD'],boganke01,2,NEW JERSEY NETS,3,totals_2012.csv
52,52,27,31,136,23,1,24,78,12,12,61,14,0,364,Andrew Bogut,22,36,['CENTER'],bogutan01,12,MILWAUKEE BUCKS,24,totals_2012.csv
53,53,31,61,350,21,250,21,185,65,2,154,16,105,1326,Matt Bonner,29,68,['POWER FORWARD'],bonnema01,15,SAN ANTONIO SPURS,14,totals_2012.csv
54,54,24,40,341,93,2,43,206,50,32,181,56,1,1261,Trevor Booker,119,138,['POWER FORWARD'],booketr01,48,WASHINGTON WIZARDS,58,totals_2012.csv
55,55,30,125,842,137,1,24,450,66,66,448,95,0,1948,Carlos Boozer,114,168,['POWER FORWARD'],boozeca01,63,CHICAGO BULLS,115,totals_2012.csv
56,56,27,103,807,279,35,45,358,57,57,393,229,10,2007,Chris Bosh,94,128,['POWER FORWARD'],boshch01,51,MIAMI HEAT,117,totals_2012.csv
57,57,35,17,36,15,9,0,11,8,0,12,13,2,111,Earl Boykins,0,5,['POINT GUARD'],boykiea01,1,HOUSTON ROCKETS,7,totals_2012.csv
58,58,24,8,33,2,9,1,10,14,1,9,1,3,88,Craig Brackins,5,6,['POWER FORWARD'],brackcr01,0,PHILADELPHIA 76ERS,4,totals_2012.csv
59,59,21,87,402,78,54,12,81,64,28,200,62,22,1368,Avery Bradley,34,109,['POINT GUARD'],bradlav01,43,BOSTON CELTICS,75,totals_2012.csv
60,60,32,97,581,116,1,97,284,60,60,287,85,0,1732,Elton Brand,145,176,['CENTER'],brandel01,58,PHILADELPHIA 76ERS,65,totals_2012.csv
61,61,25,88,463,130,127,17,107,59,17,201,90,33,1287,Corey Brewer,43,113,['SMALL FORWARD'],breweco01,72,DENVER NUGGETS,56,totals_2012.csv
62,62,26,137,445,100,69,21,159,66,43,190,56,19,1635,Ronnie Brewer,72,64,['SHOOTING GUARD'],brewero02,72,CHICAGO BULLS,59,totals_2012.csv
63,63,24,9,45,15,1,1,42,35,0,15,7,0,239,Jon Brockman,33,33,['POWER FORWARD'],brockjo01,4,MILWAUKEE BUCKS,10,totals_2012.csv
64,64,23,131,640,148,150,15,130,56,47,274,113,47,1648,MarShon Brooks,70,116,['SHOOTING GUARD'],brookma01,52,NEW JERSEY NETS,118,totals_2012.csv
65,65,24,67,409,141,24,12,141,65,17,212,94,6,1443,Derrick Brown,95,96,['SMALL FORWARD'],brownde04,48,CHARLOTTE BOBCATS,55,totals_2012.csv
66,66,29,4,40,34,0,0,41,9,3,21,15,0,187,Kwame Brown,16,21,['CENTER'],brownkw01,8,GOLDEN STATE WARRIORS,14,totals_2012.csv
67,67,26,69,598,99,188,15,119,59,19,251,80,68,1400,Shannon Brown,38,66,['SHOOTING GUARD'],brownsh01,44,PHOENIX SUNS,64,totals_2012.csv
68,68,33,264,1336,451,287,18,247,58,58,574,381,87,2232,Kobe Bryant,66,105,['SHOOTING GUARD'],bryanko01,69,LOS ANGELES LAKERS,204,totals_2012.csv
69,69,23,74,471,70,219,7,179,58,9,208,54,88,1298,Chase Budinger,38,65,['SMALL FORWARD'],budinch01,29,HOUSTON ROCKETS,55,totals_2012.csv
70,70,20,55,357,143,45,5,75,59,0,153,104,15,939,Alec Burks,57,84,['SHOOTING GUARD'],burksal01,27,UTAH JAZZ,51,totals_2012.csv
71,71,31,78,705,107,257,9,186,63,63,287,87,92,1871,Caron Butler,44,123,['SMALL FORWARD'],butleca01,52,LOS ANGELES CLIPPERS,77,totals_2012.csv
72,72,22,14,79,56,11,5,33,42,0,32,43,2,359,Jimmy Butler,23,20,['SHOOTING GUARD'],butleji01,11,CHICAGO BULLS,14,totals_2012.csv
73,73,32,19,133,12,77,5,60,34,14,41,7,21,453,Rasual Butler,6,39,['SMALL FORWARD'],butlera01,7,TORONTO RAPTORS,15,totals_2012.csv
74,74,27,1,11,4,6,0,5,2,0,3,4,0,37,Derrick Byars,6,2,['POWER FORWARD'],byarsde01,2,SAN ANTONIO SPURS,0,totals_2012.csv
75,75,24,85,796,338,5,116,517,60,60,444,234,1,2112,Andrew Bynum,192,104,['CENTER'],bynuman01,27,LOS ANGELES LAKERS,152,totals_2012.csv
76,76,29,66,194,64,29,3,46,36,0,74,49,7,514,Will Bynum,10,61,['POINT GUARD'],bynumwi01,23,DETROIT PISTONS,54,totals_2012.csv
77,77,30,468,477,68,159,3,141,53,53,218,60,59,1799,José Calderón,19,94,['POINT GUARD'],caldejo01,47,TORONTO RAPTORS,104,totals_2012.csv
78,78,37,75,161,38,0,56,249,40,40,67,18,0,894,Marcus Camby,105,88,['CENTER'],cambyma01,33,PORTLAND TRAIL BLAZERS,47,totals_2012.csv
79,79,37,32,126,26,5,29,124,19,13,61,11,2,458,Marcus Camby,52,38,['CENTER'],cambyma01,17,HOUSTON ROCKETS,10,totals_2012.csv
80,80,34,16,55,6,49,2,30,44,0,14,5,10,277,Brian Cardinal,4,38,['SMALL FORWARD'],cardibr01,8,DALLAS MAVERICKS,8,totals_2012.csv
81,81,25,3,6,0,0,0,3,4,0,6,0,0,21,DeMarre Carroll,0,1,['POWER FORWARD'],carrode01,0,DENVER NUGGETS,2,totals_2012.csv
82,82,25,15,99,16,19,1,22,20,9,37,14,7,327,DeMarre Carroll,28,36,['SMALL FORWARD'],carrode01,12,UTAH JAZZ,9,totals_2012.csv
83,83,31,38,157,38,43,7,50,53,2,52,30,8,596,Matt Carroll,8,52,['SHOOTING GUARD'],carroma01,16,CHARLOTTE BOBCATS,24,totals_2012.csv
84,84,36,34,53,10,17,4,28,24,0,17,8,5,209,Anthony Carter,5,20,['POINT GUARD'],cartean01,8,TORONTO RAPTORS,17,totals_2012.csv
85,85,35,139,542,115,205,25,173,61,40,223,95,74,1542,Vince Carter,32,134,['SHOOTING GUARD'],cartevi01,56,DALLAS MAVERICKS,84,totals_2012.csv
86,86,23,66,412,108,168,21,165,65,35,166,74,53,1341,Omri Casspi,63,115,['SMALL FORWARD'],casspom01,37,CLEVELAND CAVALIERS,64,totals_2012.csv
87,87,25,222,498,101,260,11,155,64,64,223,80,101,1825,Mario Chalmers,16,166,['POINT GUARD'],chalmma01,97,MIAMI HEAT,142,totals_2012.csv
88,88,29,56,355,315,2,89,400,62,62,241,217,0,2061,Tyson Chandler,212,186,['CENTER'],chandty01,56,NEW YORK KNICKS,102,totals_2012.csv
89,89,24,17,79,12,12,6,35,8,6,31,10,3,215,Wilson Chandler,6,18,['SMALL FORWARD'],chandwi01,6,DENVER NUGGETS,18,totals_2012.csv
90,90,28,34,99,2,24,6,64,34,0,48,0,4,491,Josh Childress,31,38,['SMALL FORWARD'],childjo01,14,PHOENIX SUNS,9,totals_2012.csv
91,91,24,18,139,29,0,32,89,45,1,51,21,0,559,Earl Clark,35,72,['POWER FORWARD'],clarkea01,12,ORLANDO MAGIC,25,totals_2012.csv
92,92,23,133,450,85,76,2,70,65,2,177,66,21,1260,Norris Cole,21,124,['POINT GUARD'],coleno01,44,MIAMI HEAT,105,totals_2012.csv
93,93,33,10,40,15,0,3,36,30,10,16,7,0,308,Jason Collins,12,34,['CENTER'],collija04,4,ATLANTA HAWKS,10,totals_2012.csv
94,94,24,287,523,153,94,14,157,60,56,230,127,34,1878,Darren Collison,30,101,['POINT GUARD'],collida01,49,INDIANA PACERS,114,totals_2012.csv
95,95,31,82,201,62,1,28,155,63,0,120,44,0,1307,Nick Collison,119,153,['POWER FORWARD'],collini01,33,OKLAHOMA CITY THUNDER,61,totals_2012.csv
96,96,24,404,684,158,159,11,134,62,61,296,136,60,2174,Mike Conley,22,133,['POINT GUARD'],conlemi01,136,MEMPHIS GRIZZLIES,125,totals_2012.csv
97,97,31,2,49,4,27,4,19,16,0,11,4,5,121,Brian Cook,4,26,['POWER FORWARD'],cookbr01,2,LOS ANGELES CLIPPERS,4,totals_2012.csv
98,98,31,8,49,6,23,1,34,16,0,20,5,5,155,Brian Cook,6,22,['POWER FORWARD'],cookbr01,4,WASHINGTON WIZARDS,7,totals_2012.csv
99,99,24,15,296,22,228,11,110,57,22,109,14,79,989,Daequan Cook,12,69,['SHOOTING GUARD'],cookda02,22,OKLAHOMA CITY THUNDER,16,totals_2012.csv
100,100,21,102,999,373,14,75,438,64,62,448,262,2,1950,DeMarcus Cousins,265,257,['CENTER'],couside01,93,SACRAMENTO KINGS,170,totals_2012.csv
101,101,31,191,737,206,260,14,102,60,6,283,191,80,1613,Jamal Crawford,16,74,['POINT GUARD'],crawfja01,55,PORTLAND TRAIL BLAZERS,111,totals_2012.csv
102,102,23,190,872,203,273,5,124,64,32,349,161,79,1753,Jordan Crawford,44,111,['SHOOTING GUARD'],crawfjo02,59,WASHINGTON WIZARDS,141,totals_2012.csv
103,103,24,37,279,69,2,34,155,64,5,144,45,0,1124,Dante Cunningham,91,98,['POWER FORWARD'],cunnida01,42,MEMPHIS GRIZZLIES,29,totals_2012.csv
104,104,29,1,26,8,0,2,8,14,1,12,6,0,83,Eddy Curry,4,17,['CENTER'],curryed01,0,MIAMI HEAT,10,totals_2012.csv
105,105,23,138,296,47,121,8,73,26,23,145,38,55,732,Stephen Curry,15,62,['POINT GUARD'],curryst01,39,GOLDEN STATE WARRIORS,65,totals_2012.csv
106,106,30,33,395,113,1,111,298,65,45,200,90,0,1446,Samuel Dalembert,158,162,['CENTER'],dalemsa01,37,HOUSTON ROCKETS,82,totals_2012.csv
107,107,36,4,8,0,0,4,15,15,0,1,0,0,83,Erick Dampier,10,9,['CENTER'],dampier01,1,ATLANTA HAWKS,3,totals_2012.csv
108,108,31,47,143,23,10,9,50,38,0,52,17,0,484,Marquis Daniels,16,36,['SHOOTING GUARD'],daniema01,21,BOSTON CELTICS,28,totals_2012.csv
109,109,32,135,184,24,85,3,43,29,14,68,16,26,595,Baron Davis,13,61,['POINT GUARD'],davisba01,34,NEW YORK KNICKS,76,totals_2012.csv
110,110,22,60,335,106,1,63,304,66,9,172,71,0,1534,Ed Davis,134,156,['POWER FORWARD'],davised01,40,TORONTO RAPTORS,67,totals_2012.csv
111,111,26,47,534,167,14,19,224,61,13,225,114,2,1427,Glen Davis,107,106,['POWER FORWARD'],davisgl01,43,ORLANDO MAGIC,75,totals_2012.csv
112,112,31,6,27,8,13,1,11,15,0,10,4,4,130,Josh Davis,16,19,['POWER FORWARD'],davisjo02,7,MEMPHIS GRIZZLIES,3,totals_2012.csv
113,113,27,0,12,2,0,2,5,4,0,7,1,0,39,Eric Dawson,5,6,['CENTER'],dawsoer01,1,SAN ANTONIO SPURS,3,totals_2012.csv
114,114,23,33,227,43,62,21,77,41,4,73,35,13,603,Austin Daye,14,62,['SMALL FORWARD'],dayeau01,22,DETROIT PISTONS,40,totals_2012.csv
115,115,29,123,453,48,239,10,188,54,53,182,38,86,1537,Carlos Delfino,20,99,['SMALL FORWARD'],delfica01,79,MILWAUKEE BUCKS,66,totals_2012.csv
116,116,26,157,755,165,215,36,273,54,54,311,127,79,2129,Luol Deng,77,81,['SMALL FORWARD'],denglu01,56,CHICAGO BULLS,96,totals_2012.csv
117,117,26,1,6,0,4,0,1,2,0,2,0,0,19,Justin Dentmon,0,2,['POINT GUARD'],dentmju01,1,SAN ANTONIO SPURS,1,totals_2012.csv
118,118,26,9,22,6,10,0,7,4,0,8,4,2,72,Justin Dentmon,0,8,['POINT GUARD'],dentmju01,1,TORONTO RAPTORS,6,totals_2012.csv
119,119,22,128,903,331,92,17,171,63,63,381,268,24,2206,DeMar DeRozan,40,162,['SHOOTING GUARD'],derozde01,48,TORONTO RAPTORS,123,totals_2012.csv
120,120,29,158,283,27,86,19,148,37,28,116,17,23,1018,Boris Diaw,47,71,['POWER FORWARD'],diawbo01,20,CHARLOTTE BOBCATS,84,totals_2012.csv
121,121,29,47,68,8,13,6,62,20,7,40,5,8,406,Boris Diaw,23,54,['POWER FORWARD'],diawbo01,14,SAN ANTONIO SPURS,28,totals_2012.csv
122,122,28,0,2,2,0,0,1,2,0,0,2,0,14,Ike Diogu,0,1,['POWER FORWARD'],dioguik01,0,SAN ANTONIO SPURS,1,totals_2012.csv
123,123,30,23,42,6,0,13,52,27,9,15,1,0,325,DeSagana Diop,33,36,['CENTER'],diopde01,6,CHARLOTTE BOBCATS,19,totals_2012.csv
124,124,31,51,163,31,81,2,36,46,2,66,23,27,662,Keyon Dooling,3,57,['SHOOTING GUARD'],doolike01,13,BOSTON CELTICS,34,totals_2012.csv
125,125,25,77,290,26,117,1,56,38,9,94,22,27,656,Toney Douglas,16,55,['POINT GUARD'],douglto01,29,NEW YORK KNICKS,56,totals_2012.csv
126,126,25,351,600,190,202,10,115,66,28,277,153,68,1752,Goran Dragić,53,166,['POINT GUARD'],dragigo01,85,HOUSTON ROCKETS,157,totals_2012.csv
127,127,26,112,643,164,209,19,206,65,60,312,119,80,2020,Jared Dudley,95,107,['SHOOTING GUARD'],dudleja01,49,PHOENIX SUNS,72,totals_2012.csv
128,128,29,151,203,21,119,9,88,63,9,85,17,50,1226,Chris Duhon,14,71,['POINT GUARD'],duhonch01,35,ORLANDO MAGIC,81,totals_2012.csv
129,129,35,132,733,249,4,88,410,58,58,361,173,0,1634,Tim Duncan,110,98,['CENTER'],duncati01,38,SAN ANTONIO SPURS,97,totals_2012.csv
130,130,31,117,504,143,208,8,175,55,3,239,116,83,1445,Mike Dunleavy,29,87,['SMALL FORWARD'],dunlemi02,28,MILWAUKEE BUCKS,58,totals_2012.csv
131,131,23,231,1297,501,344,77,487,66,66,643,431,133,2546,Kevin Durant,40,133,['SMALL FORWARD'],duranke01,88,OKLAHOMA CITY THUNDER,248,totals_2012.csv
132,132,24,18,48,36,8,2,17,9,1,19,28,1,180,Jerome Dyson,2,19,['POINT GUARD'],dysonje01,11,NEW ORLEANS HORNETS,20,totals_2012.csv
133,133,22,12,89,35,9,6,28,24,12,37,23,0,396,Devin Ebanks,26,26,['SHOOTING GUARD'],ebankde01,11,LOS ANGELES LAKERS,18,totals_2012.csv
134,134,24,33,302,40,108,10,85,51,4,122,32,35,973,Wayne Ellington,14,56,['SHOOTING GUARD'],ellinwa01,26,MINNESOTA TIMBERWOLVES,26,totals_2012.csv
135,135,26,223,704,186,156,12,111,37,37,305,151,50,1365,Monta Ellis,16,84,['SHOOTING GUARD'],ellismo01,56,GOLDEN STATE WARRIORS,123,totals_2012.csv
136,136,26,123,336,89,45,6,69,21,21,145,68,12,755,Monta Ellis,4,52,['SHOOTING GUARD'],ellismo01,29,MILWAUKEE BUCKS,54,totals_2012.csv
137,137,35,1,3,0,0,1,1,5,0,1,0,0,16,Francisco Elson,0,0,['CENTER'],elsonfr01,1,PHILADELPHIA 76ERS,1,totals_2012.csv
138,138,29,1,7,8,1,1,4,6,0,4,5,0,45,Andre Emmett,2,2,['SMALL FORWARD'],emmetan01,2,NEW JERSEY NETS,2,totals_2012.csv
139,139,25,9,74,41,0,5,52,28,9,39,21,0,333,Semih Erden,20,60,['CENTER'],erdense01,10,CLEVELAND CAVALIERS,16,totals_2012.csv
140,140,24,13,42,16,1,24,31,29,0,27,8,0,217,Jeremy Evans,19,23,['SMALL FORWARD'],evansje01,6,UTAH JAZZ,5,totals_2012.csv
141,141,33,9,112,13,45,0,16,24,0,45,10,17,343,Maurice Evans,8,36,['SMALL FORWARD'],evansma01,14,WASHINGTON WIZARDS,10,totals_2012.csv
142,142,31,17,72,71,0,6,171,56,0,34,36,0,771,Reggie Evans,100,118,['POWER FORWARD'],evansre01,31,LOS ANGELES CLIPPERS,44,totals_2012.csv
143,143,22,283,900,258,99,29,225,63,61,408,201,20,2162,Tyreke Evans,64,136,['SHOOTING GUARD'],evansty01,84,SACRAMENTO KINGS,171,totals_2012.csv
144,144,22,4,19,6,2,4,9,6,0,3,2,1,83,Christian Eyenga,3,7,['SMALL FORWARD'],eyengch01,3,CLEVELAND CAVALIERS,2,totals_2012.csv
145,145,22,1,6,2,1,1,1,1,0,3,2,0,19,Christian Eyenga,1,0,['SMALL FORWARD'],eyengch01,0,LOS ANGELES LAKERS,1,totals_2012.csv
146,146,22,36,309,164,0,47,210,46,39,181,109,0,1037,Kenneth Faried,142,116,['POWER FORWARD'],farieke01,34,DENVER NUGGETS,54,totals_2012.csv
147,147,25,129,315,63,125,2,54,39,5,147,57,55,831,Jordan Farmar,7,49,['POINT GUARD'],farmajo01,24,NEW JERSEY NETS,68,totals_2012.csv
148,148,20,43,445,194,0,65,267,65,9,222,126,0,1376,Derrick Favors,158,145,['POWER FORWARD'],favorde01,38,UTAH JAZZ,103,totals_2012.csv
149,149,27,390,642,124,203,10,122,60,56,261,100,62,1906,Raymond Felton,27,122,['POINT GUARD'],feltora01,78,PORTLAND TRAIL BLAZERS,170,totals_2012.csv
150,150,26,75,225,43,122,3,56,31,1,99,30,40,710,Rudy Fernández,9,37,['SHOOTING GUARD'],fernaru01,31,DENVER NUGGETS,40,totals_2012.csv
151,151,25,1,5,6,0,0,7,3,0,2,4,0,17,Kyrylo Fesenko,2,2,['CENTER'],fesenky01,2,INDIANA PACERS,0,totals_2012.csv
152,152,23,169,513,137,121,17,219,66,62,236,77,31,1894,Landry Fields,59,99,['SHOOTING GUARD'],fieldla01,79,NEW YORK KNICKS,102,totals_2012.csv
153,153,37,142,240,53,74,3,82,43,43,92,44,24,1101,Derek Fisher,10,85,['POINT GUARD'],fishede01,40,LOS ANGELES LAKERS,58,totals_2012.csv
154,154,37,28,108,14,35,1,27,20,0,37,13,11,407,Derek Fisher,2,32,['POINT GUARD'],fishede01,11,OKLAHOMA CITY THUNDER,15,totals_2012.csv
155,155,22,28,41,14,9,1,7,11,0,12,11,2,135,Jonny Flynn,1,8,['POINT GUARD'],flynnjo01,3,HOUSTON ROCKETS,9,totals_2012.csv
156,156,22,68,90,25,25,1,24,18,1,34,18,8,281,Jonny Flynn,7,15,['POINT GUARD'],flynnjo01,3,PORTLAND TRAIL BLAZERS,27,totals_2012.csv
157,157,24,0,6,0,0,1,5,4,0,2,0,0,39,Jeff Foote,1,5,['CENTER'],footeje01,0,NEW ORLEANS HORNETS,2,totals_2012.csv
158,158,26,54,271,91,83,4,75,48,2,112,66,29,713,Gary Forbes,27,56,['SHOOTING GUARD'],forbega01,24,TORONTO RAPTORS,54,totals_2012.csv
159,159,28,45,43,14,8,2,15,14,0,19,11,2,191,T.J. Ford,3,23,['POINT GUARD'],fordtj01,9,SAN ANTONIO SPURS,23,totals_2012.csv
160,160,23,5,12,9,4,0,4,4,0,5,6,1,46,Courtney Fortson,4,3,['POINT GUARD'],fortsco01,0,LOS ANGELES CLIPPERS,5,totals_2012.csv
161,161,23,5,20,6,9,0,5,6,0,6,4,2,49,Courtney Fortson,2,2,['POINT GUARD'],fortsco01,3,HOUSTON ROCKETS,5,totals_2012.csv
162,162,35,4,18,9,1,1,24,11,0,9,6,1,141,Jeff Foster,18,26,['CENTER'],fosteje01,8,INDIANA PACERS,7,totals_2012.csv
163,163,28,146,644,85,329,24,113,65,48,256,73,127,1682,Randy Foye,25,130,['SHOOTING GUARD'],foyera01,46,LOS ANGELES CLIPPERS,73,totals_2012.csv
164,164,22,108,446,48,216,3,56,61,7,172,40,78,1135,Jimmer Fredette,17,73,['POINT GUARD'],fredeji01,30,SACRAMENTO KINGS,67,totals_2012.csv
165,165,28,88,613,82,263,70,308,64,59,255,73,91,1669,Channing Frye,71,176,['POWER FORWARD'],fryech01,42,PHOENIX SUNS,63,totals_2012.csv
166,166,33,0,2,2,0,1,4,2,0,0,0,0,13,Dan Gadzuric,1,4,['CENTER'],gadzuda01,1,NEW YORK KNICKS,1,totals_2012.csv
167,167,25,126,271,96,82,2,81,57,12,102,59,28,793,Sundiata Gaines,27,58,['SHOOTING GUARD'],gainesu01,55,NEW JERSEY NETS,52,totals_2012.csv
168,168,23,116,466,209,183,23,174,43,40,193,182,60,1351,Danilo Gallinari,28,86,['SMALL FORWARD'],gallida01,42,DENVER NUGGETS,68,totals_2012.csv
169,169,30,31,229,30,131,37,88,49,3,86,24,38,798,Francisco García,11,73,['SMALL FORWARD'],garcifr01,36,SACRAMENTO KINGS,22,totals_2012.csv
170,170,35,175,777,189,9,61,428,60,60,391,162,3,1864,Kevin Garnett,66,141,['CENTER'],garneke01,56,BOSTON CELTICS,107,totals_2012.csv
171,171,27,204,740,317,12,121,459,65,65,357,237,1,2370,Marc Gasol,120,201,['CENTER'],gasolma01,62,MEMPHIS GRIZZLIES,121,totals_2012.csv
172,172,31,237,917,261,27,88,495,65,65,459,204,7,2430,Pau Gasol,183,127,['POWER FORWARD'],gasolpa01,37,LOS ANGELES LAKERS,142,totals_2012.csv
173,173,25,147,1067,263,173,55,287,65,65,485,208,54,2422,Rudy Gay,130,138,['SMALL FORWARD'],gayru01,95,MEMPHIS GRIZZLIES,161,totals_2012.csv
174,174,24,113,551,212,137,17,221,63,31,227,167,44,1827,Alonzo Gee,101,149,['SHOOTING GUARD'],geeal01,83,CLEVELAND CAVALIERS,114,totals_2012.csv
175,175,21,158,639,182,234,38,314,66,66,281,146,90,1958,Paul George,56,191,['SHOOTING GUARD'],georgpa01,108,INDIANA PACERS,117,totals_2012.csv
176,176,25,76,248,43,139,16,90,35,7,87,34,55,916,Daniel Gibson,11,69,['SHOOTING GUARD'],gibsoda01,26,CLEVELAND CAVALIERS,45,totals_2012.csv
177,177,26,47,404,135,0,81,197,63,0,200,84,0,1284,Taj Gibson,135,131,['POWER FORWARD'],gibsota01,27,CHICAGO BULLS,60,totals_2012.csv
178,178,34,151,285,101,126,12,98,34,7,150,88,52,792,Manu Ginóbili,18,56,['SHOOTING GUARD'],ginobma01,24,SAN ANTONIO SPURS,64,totals_2012.csv
179,179,25,2,3,0,0,1,10,8,0,1,0,0,28,Mickell Gladness,1,8,['POWER FORWARD'],gladnmi01,1,MIAMI HEAT,3,totals_2012.csv
180,180,25,3,56,12,0,19,34,18,7,24,6,0,224,Mickell Gladness,13,24,['POWER FORWARD'],gladnmi01,3,GOLDEN STATE WARRIORS,4,totals_2012.csv
181,181,29,12,95,11,29,0,47,32,2,31,8,4,425,Ryan Gomes,14,34,['SMALL FORWARD'],gomesry01,16,LOS ANGELES CLIPPERS,15,totals_2012.csv
182,182,30,144,657,208,55,34,233,56,46,287,176,16,1469,Drew Gooden,130,112,['CENTER'],goodedr01,46,MILWAUKEE BUCKS,109,totals_2012.csv
183,183,28,127,530,136,147,11,107,52,21,234,117,63,1398,Ben Gordon,14,114,['SHOOTING GUARD'],gordobe01,34,DETROIT PISTONS,115,totals_2012.csv
184,184,23,31,140,65,40,4,23,9,9,63,49,10,310,Eric Gordon,2,20,['POINT GUARD'],gordoer01,13,NEW ORLEANS HORNETS,24,totals_2012.csv
185,185,27,59,769,251,2,99,474,66,66,427,163,0,2114,Marcin Gortat,185,142,['CENTER'],gortama01,48,PHOENIX SUNS,90,totals_2012.csv
186,186,23,20,174,12,75,0,26,40,0,68,11,28,419,Andrew Goudelock,5,32,['SHOOTING GUARD'],goudean01,4,LOS ANGELES LAKERS,21,totals_2012.csv
187,187,28,109,941,291,323,40,228,62,62,391,254,123,2062,Danny Granger,79,144,['SMALL FORWARD'],grangda01,62,INDIANA PACERS,110,totals_2012.csv
188,188,27,27,161,47,0,17,198,49,40,83,25,0,813,Aaron Gray,83,127,['CENTER'],grayaa01,22,TORONTO RAPTORS,51,totals_2012.csv
189,189,24,86,477,100,234,46,174,66,38,211,79,102,1522,Danny Green,54,107,['SHOOTING GUARD'],greenda02,58,SAN ANTONIO SPURS,67,totals_2012.csv
190,190,26,34,320,65,110,17,93,31,2,154,49,43,781,Gerald Green,15,80,['SMALL FORWARD'],greenge01,28,NEW JERSEY NETS,55,totals_2012.csv
191,191,30,40,325,56,113,6,65,53,2,153,48,50,922,Willie Green,15,74,['SHOOTING GUARD'],greenwi01,23,ATLANTA HAWKS,33,totals_2012.csv
192,192,23,34,266,55,105,29,114,53,7,108,44,25,777,Donté Greene,19,67,['POWER FORWARD'],greendo01,18,SACRAMENTO KINGS,32,totals_2012.csv
193,193,22,210,1022,468,16,48,499,66,66,561,244,2,2392,Blake Griffin,218,216,['POWER FORWARD'],griffbl01,54,LOS ANGELES CLIPPERS,150,totals_2012.csv
194,194,26,8,48,26,1,26,43,35,0,26,18,0,206,Hamed Haddadi,28,43,['CENTER'],haddaha01,1,MEMPHIS GRIZZLIES,21,totals_2012.csv
195,195,21,20,111,5,47,3,51,26,2,48,2,17,258,Jordan Hamilton,11,15,['SMALL FORWARD'],hamiljo02,4,DENVER NUGGETS,16,totals_2012.csv
196,196,33,84,310,37,46,1,46,28,28,140,29,17,697,Richard Hamilton,20,56,['SHOOTING GUARD'],hamilri01,12,CHICAGO BULLS,49,totals_2012.csv
197,197,26,30,479,278,1,9,177,66,0,194,226,0,1442,Tyler Hansbrough,113,159,['POWER FORWARD'],hansbty01,54,INDIANA PACERS,65,totals_2012.csv
198,198,24,6,65,12,21,3,33,21,1,23,9,5,231,Luke Harangody,20,17,['POWER FORWARD'],haranlu01,6,CLEVELAND CAVALIERS,4,totals_2012.csv
199,199,22,229,629,369,292,15,222,62,2,309,312,114,1946,James Harden,30,150,['SHOOTING GUARD'],hardeja01,62,OKLAHOMA CITY THUNDER,137,totals_2012.csv
200,200,22,2,31,1,13,3,9,14,0,9,0,2,84,Justin Harper,3,5,['POWER FORWARD'],harpeju01,2,ORLANDO MAGIC,6,totals_2012.csv
201,201,22,11,149,26,59,20,97,37,4,63,16,20,540,Josh Harrellson,47,48,['POWER FORWARD'],harrejo01,23,NEW YORK KNICKS,20,totals_2012.csv
202,202,31,88,773,176,303,12,318,64,1,345,119,101,1761,Al Harrington,72,181,['POWER FORWARD'],harrial01,58,DENVER NUGGETS,112,totals_2012.csv
203,203,28,316,542,209,213,13,100,63,63,241,156,77,1741,Devin Harris,12,136,['POINT GUARD'],harride01,64,UTAH JAZZ,122,totals_2012.csv
204,204,22,31,150,59,36,6,59,26,5,60,41,12,456,Manny Harris,11,28,['SHOOTING GUARD'],harrima01,13,CLEVELAND CAVALIERS,27,totals_2012.csv
205,205,24,26,83,21,39,2,33,22,1,29,14,8,318,Terrel Harris,18,34,['SHOOTING GUARD'],harrite01,9,MIAMI HEAT,25,totals_2012.csv
206,206,19,22,169,54,23,7,71,42,9,79,44,6,479,Tobias Harris,30,45,['SMALL FORWARD'],harrito02,13,MILWAUKEE BUCKS,31,totals_2012.csv
207,207,31,42,357,102,0,24,353,64,10,151,83,0,1589,Udonis Haslem,117,142,['POWER FORWARD'],hasleud01,35,MIAMI HEAT,60,totals_2012.csv
208,208,23,98,319,55,12,48,192,37,29,156,40,3,920,Spencer Hawes,78,100,['CENTER'],hawessp01,16,PHILADELPHIA 76ERS,55,totals_2012.csv
209,209,28,77,170,39,2,17,162,54,9,73,26,0,1039,Chuck Hayes,72,111,['CENTER'],hayesch01,36,SACRAMENTO KINGS,50,totals_2012.csv
210,210,21,207,586,232,159,41,171,66,58,267,193,55,2015,Gordon Hayward,59,106,['SMALL FORWARD'],haywago01,53,UTAH JAZZ,109,totals_2012.csv
211,211,25,4,38,12,14,1,14,26,0,13,7,4,141,Lazar Hayward,2,18,['SMALL FORWARD'],haywala01,3,OKLAHOMA CITY THUNDER,9,totals_2012.csv
212,212,32,19,228,96,0,54,185,54,54,118,45,0,1146,Brendan Haywood,139,121,['CENTER'],haywobr01,24,DALLAS MAVERICKS,46,totals_2012.csv
213,213,24,126,723,204,47,20,161,55,55,332,155,11,1831,Gerald Henderson,64,128,['SHOOTING GUARD'],hendege02,49,CHARLOTTE BOBCATS,100,totals_2012.csv
214,214,20,35,228,85,17,8,82,45,0,90,52,7,759,Xavier Henry,24,59,['SHOOTING GUARD'],henryxa01,26,NEW ORLEANS HORNETS,35,totals_2012.csv
215,215,25,108,668,239,1,128,359,65,65,332,170,0,1937,Roy Hibbert,213,195,['CENTER'],hibbero01,32,INDIANA PACERS,128,totals_2012.csv
216,216,23,22,173,58,1,17,110,35,9,64,37,0,644,J.J. Hickson,67,44,['POWER FORWARD'],hicksjj01,18,SACRAMENTO KINGS,39,totals_2012.csv
217,217,23,23,219,76,1,18,92,19,10,119,49,0,600,J.J. Hickson,66,41,['POWER FORWARD'],hicksjj01,12,PORTLAND TRAIL BLAZERS,31,totals_2012.csv
218,218,22,36,160,60,20,6,28,38,0,52,42,4,423,Cory Higgins,7,40,['POINT GUARD'],higgico01,5,CHARLOTTE BOBCATS,39,totals_2012.csv
219,219,29,61,281,133,2,25,165,28,27,143,90,0,826,Nenê Hilário,43,69,['CENTER'],hilarne01,36,DENVER NUGGETS,77,totals_2012.csv
220,220,29,19,112,35,2,13,63,11,6,68,23,0,284,Nenê Hilário,20,26,['CENTER'],hilarne01,6,WASHINGTON WIZARDS,19,totals_2012.csv
221,221,25,145,380,117,147,17,120,50,9,168,91,54,1274,George Hill,31,98,['POINT GUARD'],hillge01,42,INDIANA PACERS,52,totals_2012.csv
222,222,39,107,451,109,53,29,142,49,46,201,83,14,1378,Grant Hill*,29,88,['SMALL FORWARD'],hillgr01,41,PHOENIX SUNS,65,totals_2012.csv
223,223,24,14,135,39,3,21,108,32,7,68,25,0,469,Jordan Hill,47,60,['CENTER'],hilljo01,9,HOUSTON ROCKETS,24,totals_2012.csv
224,224,24,2,30,8,0,6,17,7,1,14,5,0,82,Jordan Hill,14,11,['CENTER'],hilljo01,5,LOS ANGELES LAKERS,7,totals_2012.csv
225,225,31,132,295,32,136,11,90,48,31,122,25,47,1237,Kirk Hinrich,11,100,['SHOOTING GUARD'],hinriki01,38,ATLANTA HAWKS,58,totals_2012.csv
226,226,24,6,13,0,6,0,3,5,0,2,0,0,39,Darington Hobson,0,1,['SHOOTING GUARD'],hobsoda01,0,MILWAUKEE BUCKS,2,totals_2012.csv
227,227,21,290,834,120,171,18,155,65,65,360,94,65,2196,Jrue Holiday,57,137,['POINT GUARD'],holidjr01,103,PHILADELPHIA 76ERS,135,totals_2012.csv
228,228,27,6,56,55,0,12,31,24,7,28,33,0,362,Ryan Hollins,25,55,['CENTER'],holliry01,4,CLEVELAND CAVALIERS,24,totals_2012.csv
229,229,27,3,28,20,0,5,17,15,1,18,6,0,160,Ryan Hollins,9,23,['CENTER'],holliry01,1,BOSTON CELTICS,11,totals_2012.csv
230,230,21,7,24,5,3,3,11,15,0,8,3,1,88,Tyler Honeycutt,3,3,['SMALL FORWARD'],honeyty01,4,SACRAMENTO KINGS,2,totals_2012.csv
231,231,25,24,103,30,1,14,51,11,11,57,22,0,348,Al Horford,26,21,['CENTER'],horfoal01,10,ATLANTA HAWKS,16,totals_2012.csv
232,232,23,0,4,4,1,0,3,8,0,1,3,0,22,Dennis Horner,2,1,['POWER FORWARD'],hornede01,0,NEW JERSEY NETS,1,totals_2012.csv
233,233,26,104,726,572,7,116,585,54,54,416,281,0,2070,Dwight Howard,200,159,['CENTER'],howardw01,81,ORLANDO MAGIC,175,totals_2012.csv
234,234,31,50,361,97,37,10,119,43,18,144,75,9,991,Josh Howard,39,91,['SMALL FORWARD'],howarjo01,32,UTAH JAZZ,53,totals_2012.csv
235,235,38,10,55,10,0,1,29,28,0,17,8,0,190,Juwan Howard,18,18,['POWER FORWARD'],howarju01,4,MIAMI HEAT,20,totals_2012.csv
236,236,27,35,151,38,61,3,39,13,0,59,32,15,314,Lester Hudson,7,26,['POINT GUARD'],hudsole01,14,CLEVELAND CAVALIERS,30,totals_2012.csv
237,237,27,1,11,3,3,0,0,3,0,3,2,1,20,Lester Hudson,0,0,['POINT GUARD'],hudsole01,0,MEMPHIS GRIZZLIES,2,totals_2012.csv
238,238,33,7,22,2,7,0,4,9,0,5,1,1,114,Larry Hughes,1,10,['POINT GUARD'],hughela01,2,ORLANDO MAGIC,12,totals_2012.csv
239,239,26,90,671,278,0,74,448,62,62,323,209,0,2162,Kris Humphries,233,173,['POWER FORWARD'],humphkr01,50,NEW JERSEY NETS,119,totals_2012.csv
240,240,22,28,490,118,3,241,305,66,66,262,78,1,1792,Serge Ibaka,193,179,['POWER FORWARD'],ibakase01,33,OKLAHOMA CITY THUNDER,79,totals_2012.csv
241,241,28,339,632,196,193,30,325,62,62,287,121,76,2209,Andre Iguodala,56,92,['SMALL FORWARD'],iguodan01,107,PHILADELPHIA 76ERS,115,totals_2012.csv
242,242,24,71,597,183,112,44,333,60,41,294,143,51,1655,Ersan İlyasova,196,133,['POWER FORWARD'],ilyaser01,42,MILWAUKEE BUCKS,76,totals_2012.csv
243,243,19,275,747,196,183,20,147,51,51,350,171,73,1558,Kyrie Irving,44,110,['POINT GUARD'],irvinky01,54,CLEVELAND CAVALIERS,160,totals_2012.csv
244,244,30,10,73,8,53,0,23,34,0,26,1,18,354,Royal Ivey,1,36,['SHOOTING GUARD'],iveyro01,14,OKLAHOMA CITY THUNDER,9,totals_2012.csv
245,245,28,285,583,148,112,9,153,45,39,266,129,39,1530,Jarrett Jack,23,93,['POINT GUARD'],jackja01,31,NEW ORLEANS HORNETS,106,totals_2012.csv
246,246,21,71,159,29,62,1,39,45,0,51,25,13,501,Reggie Jackson,14,31,['POINT GUARD'],jacksre01,25,OKLAHOMA CITY THUNDER,36,totals_2012.csv
247,247,33,77,272,60,108,6,66,26,13,97,50,30,712,Stephen Jackson,16,61,['SMALL FORWARD'],jacksst02,26,MILWAUKEE BUCKS,66,totals_2012.csv
248,248,33,41,153,54,62,7,75,21,1,62,44,19,500,Stephen Jackson,6,38,['SMALL FORWARD'],jacksst02,28,SAN ANTONIO SPURS,37,totals_2012.csv
249,249,24,3,35,12,1,7,26,7,7,13,8,0,170,Damion James,7,17,['SMALL FORWARD'],jamesda01,7,NEW JERSEY NETS,12,totals_2012.csv
250,250,27,387,1169,502,149,50,398,62,62,621,387,54,2326,LeBron James,94,96,['SMALL FORWARD'],jamesle01,115,MIAMI HEAT,213,totals_2012.csv
251,251,36,29,49,8,10,2,8,11,0,20,7,6,120,Mike James,2,20,['POINT GUARD'],jamesmi01,4,CHICAGO BULLS,14,totals_2012.csv
252,252,35,131,1044,271,267,43,285,65,65,421,185,91,2151,Antawn Jamison,123,164,['POWER FORWARD'],jamisan01,51,CLEVELAND CAVALIERS,90,totals_2012.csv
253,253,27,134,1048,177,4,101,452,61,61,516,137,1,2075,Al Jefferson,133,155,['CENTER'],jeffeal01,47,UTAH JAZZ,62,totals_2012.csv
254,254,31,55,319,50,190,12,125,41,41,132,35,80,1168,Richard Jefferson,18,83,['SMALL FORWARD'],jefferi01,25,SAN ANTONIO SPURS,32,totals_2012.csv
255,255,31,33,169,35,79,7,68,22,3,71,24,33,580,Richard Jefferson,8,38,['SMALL FORWARD'],jefferi01,12,GOLDEN STATE WARRIORS,18,totals_2012.csv
256,256,30,26,144,72,16,25,83,39,4,59,49,3,729,Jared Jeffries,69,89,['POWER FORWARD'],jeffrja01,29,NEW YORK KNICKS,29,totals_2012.csv
257,257,22,170,291,39,20,6,60,51,28,130,34,3,893,Charles Jenkins,8,85,['POINT GUARD'],jenkich01,33,GOLDEN STATE WARRIORS,60,totals_2012.csv
258,258,22,365,1121,239,388,22,177,66,66,469,193,129,2331,Brandon Jennings,49,114,['POINT GUARD'],jennibr01,104,MILWAUKEE BUCKS,146,totals_2012.csv
259,259,24,43,453,124,106,21,212,64,13,212,100,32,1468,Jonas Jerebko,96,162,['POWER FORWARD'],jerebjo01,41,DETROIT PISTONS,66,totals_2012.csv
260,260,24,5,82,21,10,8,37,30,0,31,14,3,203,Yi Jianlian,12,23,['POWER FORWARD'],jianlyi01,7,DALLAS MAVERICKS,14,totals_2012.csv
261,261,24,79,340,84,5,69,259,64,43,196,58,2,1553,Amir Johnson,149,209,['POWER FORWARD'],johnsam01,33,TORONTO RAPTORS,94,totals_2012.csv
262,262,22,0,1,0,0,0,1,1,0,1,0,0,5,Armon Johnson,0,0,['POINT GUARD'],johnsar02,1,PORTLAND TRAIL BLAZERS,1,totals_2012.csv
263,263,22,11,42,6,3,0,11,8,0,19,6,1,119,Armon Johnson,1,9,['POINT GUARD'],johnsar02,4,NEW JERSEY NETS,5,totals_2012.csv
264,264,29,22,35,3,15,0,8,15,0,11,1,4,119,Carldell Johnson,1,11,['POINT GUARD'],johnsca01,8,NEW ORLEANS HORNETS,7,totals_2012.csv
265,265,26,1,23,12,0,8,10,20,0,11,10,0,93,Chris Johnson,8,20,['CENTER'],johnsch03,1,PORTLAND TRAIL BLAZERS,7,totals_2012.csv
266,266,26,1,18,7,0,1,15,7,0,9,5,0,82,Chris Johnson,7,13,['CENTER'],johnsch03,5,NEW ORLEANS HORNETS,8,totals_2012.csv
267,267,27,32,275,100,6,18,161,56,0,141,72,2,934,Ivan Johnson,65,116,['POWER FORWARD'],johnsiv01,43,ATLANTA HAWKS,69,totals_2012.csv
268,268,22,6,121,9,0,14,38,36,0,54,6,0,298,JaJuan Johnson,20,25,['POWER FORWARD'],johnsja02,5,BOSTON CELTICS,14,totals_2012.csv
269,269,24,122,518,115,60,84,218,62,40,233,81,19,1561,James Johnson,74,177,['SMALL FORWARD'],johnsja01,71,TORONTO RAPTORS,101,totals_2012.csv
270,270,30,232,931,186,322,13,168,60,60,423,158,125,2127,Joe Johnson,53,75,['SHOOTING GUARD'],johnsjo02,48,ATLANTA HAWKS,116,totals_2012.csv
271,271,27,4,14,5,0,0,9,11,0,8,5,0,61,Trey Johnson,3,10,['SHOOTING GUARD'],johnstr01,1,NEW ORLEANS HORNETS,5,totals_2012.csv
272,272,24,59,397,34,169,48,153,65,64,158,24,53,1469,Wesley Johnson,24,115,['SMALL FORWARD'],johnswe01,35,MINNESOTA TIMBERWOLVES,60,totals_2012.csv
273,273,31,63,281,99,77,11,94,65,3,115,83,33,1052,Dahntay Jones,23,119,['SMALL FORWARD'],jonesda02,23,INDIANA PACERS,46,totals_2012.csv
274,274,23,42,73,37,8,5,35,33,1,29,29,1,268,Dominique Jones,9,28,['SHOOTING GUARD'],jonesdo02,10,DALLAS MAVERICKS,28,totals_2012.csv
275,275,31,19,150,30,114,9,43,51,10,57,25,46,666,James Jones,6,45,['SHOOTING GUARD'],jonesja02,17,MIAMI HEAT,10,totals_2012.csv
276,276,27,2,8,5,0,5,6,10,0,1,4,0,96,Solomon Jones,11,12,['POWER FORWARD'],jonesso01,4,LOS ANGELES CLIPPERS,5,totals_2012.csv
277,277,27,7,53,18,0,6,20,11,1,23,15,0,196,Solomon Jones,21,31,['CENTER'],jonesso01,5,NEW ORLEANS HORNETS,13,totals_2012.csv
278,278,23,17,326,141,1,134,344,66,66,206,74,0,1798,DeAndre Jordan,202,189,['CENTER'],jordade01,30,LOS ANGELES CLIPPERS,74,totals_2012.csv
279,279,25,4,33,10,0,6,13,21,0,17,8,0,108,Jerome Jordan,14,15,['CENTER'],jordaje01,1,NEW YORK KNICKS,2,totals_2012.csv
280,280,20,34,70,17,15,3,20,29,1,22,11,3,266,Cory Joseph,5,16,['POINT GUARD'],josepco01,7,SAN ANTONIO SPURS,12,totals_2012.csv
281,281,29,101,597,107,0,77,275,47,33,266,84,0,1372,Chris Kaman,89,106,['CENTER'],kamanch01,25,NEW ORLEANS HORNETS,129,totals_2012.csv
282,282,19,8,236,105,1,23,171,66,0,117,70,0,874,Enes Kanter,107,87,['CENTER'],kanteen01,18,UTAH JAZZ,54,totals_2012.csv
283,283,30,11,55,4,27,0,12,27,0,21,4,8,269,Jason Kapono,2,21,['SHOOTING GUARD'],kaponja01,3,LOS ANGELES LAKERS,6,totals_2012.csv
284,284,22,3,12,2,4,0,6,2,0,5,0,2,59,D.J. Kennedy,1,7,['SMALL FORWARD'],kennedj01,2,CLEVELAND CAVALIERS,3,totals_2012.csv
285,285,38,264,273,28,223,10,183,48,48,99,22,79,1379,Jason Kidd*,15,83,['POINT GUARD'],kiddja01,82,DALLAS MAVERICKS,91,totals_2012.csv
286,286,27,46,410,100,179,4,157,49,3,165,81,62,1057,Linas Kleiza,42,119,['SMALL FORWARD'],kleizli01,23,TORONTO RAPTORS,64,totals_2012.csv
287,287,20,251,769,137,276,10,178,66,60,319,104,105,2129,Brandon Knight,33,154,['POINT GUARD'],knighbr03,49,DETROIT PISTONS,171,totals_2012.csv
288,288,30,112,412,66,271,15,133,65,7,178,55,118,1469,Kyle Korver,26,110,['SHOOTING GUARD'],korveky01,36,CHICAGO BULLS,53,totals_2012.csv
289,289,22,15,192,55,0,41,163,48,24,115,33,0,792,Kosta Koufos,95,96,['CENTER'],koufoko01,24,DENVER NUGGETS,33,totals_2012.csv
290,290,28,38,362,184,3,12,136,41,8,182,147,0,999,Carl Landry,78,89,['POWER FORWARD'],landrca01,13,NEW ORLEANS HORNETS,64,totals_2012.csv
291,291,24,401,767,216,200,6,173,61,61,374,178,73,2124,Ty Lawson,54,94,['POINT GUARD'],lawsoty01,82,DENVER NUGGETS,149,totals_2012.csv
292,292,26,88,580,86,217,22,133,58,26,251,71,87,1757,Courtney Lee,26,106,['SHOOTING GUARD'],leeco01,68,HOUSTON ROCKETS,64,totals_2012.csv
293,293,28,162,922,280,5,22,374,57,57,464,219,0,2121,David Lee,171,179,['POWER FORWARD'],leeda02,54,GOLDEN STATE WARRIORS,149,totals_2012.csv
294,294,21,31,59,17,10,4,17,19,0,23,14,2,243,Malcolm Lee,9,22,['SHOOTING GUARD'],leema01,8,MINNESOTA TIMBERWOLVES,17,totals_2012.csv
295,295,20,70,404,88,109,24,223,64,39,199,68,41,1534,Kawhi Leonard,104,88,['SMALL FORWARD'],leonaka01,85,SAN ANTONIO SPURS,44,totals_2012.csv
296,296,21,5,14,9,0,2,3,10,0,5,4,0,45,Travis Leslie,6,4,['SHOOTING GUARD'],leslitr01,2,LOS ANGELES CLIPPERS,2,totals_2012.csv
297,297,22,25,191,28,9,17,75,46,12,97,21,3,555,Jon Leuer,45,67,['POWER FORWARD'],leuerjo01,14,MILWAUKEE BUCKS,18,totals_2012.csv
298,298,32,27,221,37,67,10,75,28,15,85,31,16,729,Rashard Lewis,34,49,['SMALL FORWARD'],lewisra02,23,WASHINGTON WIZARDS,32,totals_2012.csv
299,299,23,5,25,19,4,0,9,17,0,12,9,0,115,DeAndre Liggins,6,6,['SMALL FORWARD'],liggide01,6,ORLANDO MAGIC,10,totals_2012.csv
300,300,23,216,383,183,75,9,89,35,25,171,146,24,940,Jeremy Lin,18,78,['POINT GUARD'],linje01,55,NEW YORK KNICKS,126,totals_2012.csv
301,301,26,122,271,79,3,20,84,58,27,127,62,2,1092,Shaun Livingston,39,79,['SHOOTING GUARD'],livinsh01,27,MILWAUKEE BUCKS,66,totals_2012.csv
302,302,23,6,77,32,0,4,10,5,5,38,20,0,136,Brook Lopez,8,8,['CENTER'],lopezbr01,1,NEW JERSEY NETS,6,totals_2012.csv
303,303,23,20,269,140,0,60,119,64,0,124,100,0,895,Robin Lopez,90,128,['CENTER'],lopezro01,18,PHOENIX SUNS,43,totals_2012.csv
304,304,23,111,1059,460,282,28,508,55,55,474,379,105,2145,Kevin Love,226,152,['POWER FORWARD'],loveke01,47,MINNESOTA TIMBERWOLVES,128,totals_2012.csv
305,305,25,310,513,198,211,14,176,47,38,210,171,79,1510,Kyle Lowry,37,133,['POINT GUARD'],lowryky01,73,HOUSTON ROCKETS,130,totals_2012.csv
306,306,29,108,358,32,140,1,54,49,2,143,28,55,726,John Lucas III,22,42,['POINT GUARD'],lucasjo02,19,CHICAGO BULLS,42,totals_2012.csv
307,307,21,131,220,59,42,2,80,64,0,88,42,12,779,Shelvin Mack,12,50,['POINT GUARD'],macksh01,28,WASHINGTON WIZARDS,48,totals_2012.csv
308,308,25,5,35,14,0,4,20,23,0,19,8,0,135,Vernon Macklin,14,9,['CENTER'],macklve01,4,DETROIT PISTONS,3,totals_2012.csv
309,309,32,39,373,208,66,1,104,32,28,139,178,24,881,Corey Maggette,21,83,['SMALL FORWARD'],maggeco01,23,CHARLOTTE BOBCATS,59,totals_2012.csv
310,310,33,6,45,27,0,10,88,34,1,17,7,0,374,Jamaal Magloire,25,66,['CENTER'],magloja01,4,TORONTO RAPTORS,22,totals_2012.csv
311,311,25,12,238,147,1,31,181,61,12,130,94,0,1139,Ian Mahinmi,108,176,['CENTER'],mahinia01,38,DALLAS MAVERICKS,50,totals_2012.csv
312,312,33,132,646,93,68,36,320,63,63,288,74,20,1919,Shawn Marion,145,87,['SMALL FORWARD'],mariosh01,67,DALLAS MAVERICKS,98,totals_2012.csv
313,313,27,10,134,19,75,2,46,17,2,59,11,29,391,Cartier Martin,12,35,['SMALL FORWARD'],martica01,11,WASHINGTON WIZARDS,13,totals_2012.csv
314,314,34,18,220,54,13,43,132,42,0,97,20,3,940,Kenyon Martin,49,103,['POWER FORWARD'],martike01,44,LOS ANGELES CLIPPERS,32,totals_2012.csv
315,315,28,110,537,179,225,3,93,40,40,222,160,78,1264,Kevin Martin,13,70,['SHOOTING GUARD'],martike02,28,HOUSTON ROCKETS,70,totals_2012.csv
316,316,31,47,258,27,154,5,62,52,0,103,21,59,697,Roger Mason,7,33,['SHOOTING GUARD'],masonro01,13,WASHINGTON WIZARDS,32,totals_2012.csv
317,317,25,113,763,171,337,15,168,66,53,314,147,129,2228,Wesley Matthews,56,148,['SHOOTING GUARD'],matthwe02,96,PORTLAND TRAIL BLAZERS,73,totals_2012.csv
318,318,28,41,383,106,2,50,207,65,42,183,58,0,1466,Jason Maxiell,126,151,['POWER FORWARD'],maxieja01,32,DETROIT PISTONS,71,totals_2012.csv
319,319,24,22,39,4,17,0,10,9,0,14,4,6,137,Eric Maynor,3,13,['POINT GUARD'],maynoer01,5,OKLAHOMA CITY THUNDER,11,totals_2012.csv
320,320,24,169,736,172,275,23,180,66,0,300,133,100,1771,O.J. Mayo,30,137,['SHOOTING GUARD'],mayooj01,71,MEMPHIS GRIZZLIES,124,totals_2012.csv
321,321,25,29,261,103,4,22,150,43,22,133,66,1,1009,Luc Mbah a Moute,77,93,['POWER FORWARD'],mbahalu01,40,MILWAUKEE BUCKS,39,totals_2012.csv
322,322,24,25,400,116,0,101,235,41,40,214,58,0,1124,JaVale McGee,127,118,['CENTER'],mcgeeja01,25,WASHINGTON WIZARDS,68,totals_2012.csv
323,323,24,6,152,51,0,31,79,20,5,93,19,0,411,JaVale McGee,36,48,['CENTER'],mcgeeja01,10,DENVER NUGGETS,19,totals_2012.csv
324,324,32,110,231,83,33,15,131,52,0,101,56,15,837,Tracy McGrady*,23,35,['SMALL FORWARD'],mcgratr01,16,ATLANTA HAWKS,53,totals_2012.csv
325,325,26,110,210,53,4,36,173,64,6,94,39,0,1127,Dominic McGuire,73,104,['POWER FORWARD'],mcguido01,44,GOLDEN STATE WARRIORS,56,totals_2012.csv
326,326,24,51,118,36,7,18,110,50,6,56,23,3,718,Josh McRoberts,61,74,['POWER FORWARD'],mcrobjo01,15,LOS ANGELES LAKERS,31,totals_2012.csv
327,327,24,54,467,85,266,3,144,66,50,191,77,97,1644,Jodie Meeks,17,82,['SHOOTING GUARD'],meeksjo01,40,PHILADELPHIA 76ERS,29,totals_2012.csv
328,328,24,69,465,136,150,18,89,56,14,177,108,46,1145,C.J. Miles,27,122,['SHOOTING GUARD'],milescj01,46,UTAH JAZZ,53,totals_2012.csv
329,329,26,17,130,37,0,25,62,29,23,59,16,0,472,Darko Miličić,35,59,['CENTER'],milicda01,9,MINNESOTA TIMBERWOLVES,32,totals_2012.csv
330,330,35,441,552,169,83,9,168,66,7,242,137,18,1809,Andre Miller,53,133,['SHOOTING GUARD'],millean02,63,DENVER NUGGETS,177,totals_2012.csv
331,331,35,24,27,12,15,2,15,15,1,9,10,7,146,Brad Miller,4,10,['CENTER'],millebr01,4,MINNESOTA TIMBERWOLVES,12,totals_2012.csv
332,332,31,42,209,5,117,6,106,39,2,91,2,53,752,Mike Miller,22,58,['SHOOTING GUARD'],millemi01,14,MIAMI HEAT,30,totals_2012.csv
333,333,23,39,130,15,56,1,24,16,3,63,15,24,261,Patty Mills,4,14,['POINT GUARD'],millspa02,10,SAN ANTONIO SPURS,26,totals_2012.csv
334,334,26,150,861,255,31,52,383,64,62,426,202,7,2100,Paul Millsap,180,222,['POWER FORWARD'],millspa01,118,UTAH JAZZ,112,totals_2012.csv
335,335,34,14,169,23,1,37,111,63,1,79,13,0,692,Nazr Mohammed,59,101,['CENTER'],mohamna01,20,OKLAHOMA CITY THUNDER,26,totals_2012.csv
336,336,21,152,781,272,1,46,398,66,66,407,201,0,2082,Greg Monroe,239,180,['CENTER'],monrogr01,83,DETROIT PISTONS,161,totals_2012.csv
337,337,31,5,24,2,10,5,20,8,0,7,2,2,123,Jamario Moon,2,5,['SMALL FORWARD'],moonja01,1,CHARLOTTE BOBCATS,8,totals_2012.csv
338,338,22,34,113,7,45,3,29,38,0,43,7,17,331,E'Twaun Moore,4,33,['POINT GUARD'],mooreet01,11,BOSTON CELTICS,21,totals_2012.csv
339,339,36,5,20,7,0,3,15,7,0,9,6,0,118,Mikki Moore,7,24,['CENTER'],mooremi01,3,GOLDEN STATE WARRIORS,7,totals_2012.csv
340,340,21,21,42,9,9,0,14,19,0,18,6,4,169,Darius Morris,2,16,['POINT GUARD'],morrida01,2,LOS ANGELES LAKERS,19,totals_2012.csv
341,341,22,3,54,8,17,2,11,17,0,16,6,2,126,Marcus Morris,5,12,['POWER FORWARD'],morrima03,2,HOUSTON ROCKETS,4,totals_2012.csv
342,342,22,65,436,106,124,42,210,63,7,174,76,43,1227,Markieff Morris,69,179,['POWER FORWARD'],morrima02,41,PHOENIX SUNS,70,totals_2012.csv
343,343,26,61,658,104,286,9,96,62,18,272,97,106,1636,Anthony Morrow,31,86,['SHOOTING GUARD'],morroan01,46,NEW JERSEY NETS,70,totals_2012.csv
344,344,25,22,190,57,0,42,126,44,35,100,39,0,687,Timofey Mozgov,53,86,['CENTER'],mozgoti01,15,DENVER NUGGETS,53,totals_2012.csv
345,345,22,57,591,112,51,52,231,65,25,251,92,12,1465,Byron Mullens,96,137,['CENTER'],mulleby01,21,CHARLOTTE BOBCATS,74,totals_2012.csv
346,346,31,51,171,9,67,16,151,59,0,77,6,28,956,Troy Murphy,40,98,['POWER FORWARD'],murphtr01,15,LOS ANGELES LAKERS,26,totals_2012.csv
347,347,25,0,1,0,0,0,0,3,0,0,0,0,3,Hamady N'Diaye,0,0,['CENTER'],ndiayha01,0,WASHINGTON WIZARDS,0,totals_2012.csv
348,348,35,12,64,4,29,4,39,22,0,24,2,8,270,Eduardo Nájera,11,40,['POWER FORWARD'],najered01,19,CHARLOTTE BOBCATS,7,totals_2012.csv
349,349,37,664,555,142,141,8,160,62,62,295,127,55,1961,Steve Nash*,26,53,['POINT GUARD'],nashst01,38,PHOENIX SUNS,229,totals_2012.csv
350,350,27,117,486,64,198,2,106,56,7,212,50,83,1206,Gary Neal,12,75,['SHOOTING GUARD'],nealga01,27,SAN ANTONIO SPURS,60,totals_2012.csv
351,351,29,325,606,88,231,5,152,57,57,259,71,87,1706,Jameer Nelson,29,130,['POINT GUARD'],nelsoja01,38,ORLANDO MAGIC,135,totals_2012.csv
352,352,26,160,490,206,1,92,387,64,64,249,154,0,1945,Joakim Noah,242,162,['CENTER'],noahjo01,41,CHICAGO BULLS,92,totals_2012.csv
353,353,32,1,20,11,6,1,13,11,1,5,6,1,56,Andrés Nocioni,1,4,['SMALL FORWARD'],nocioan01,1,PHILADELPHIA 76ERS,5,totals_2012.csv
354,354,28,12,337,26,282,9,95,54,0,161,22,133,1020,Steve Novak,9,59,['POWER FORWARD'],novakst01,16,NEW YORK KNICKS,21,totals_2012.csv
355,355,33,136,1034,355,212,30,372,62,62,473,318,78,2079,Dirk Nowitzki,46,129,['POWER FORWARD'],nowitdi01,42,DALLAS MAVERICKS,117,totals_2012.csv
356,356,33,10,120,31,0,43,98,25,24,52,21,0,570,Jermaine O'Neal,37,80,['CENTER'],onealje01,8,BOSTON CELTICS,21,totals_2012.csv
357,357,32,83,349,98,111,18,172,50,4,123,58,28,1027,Lamar Odom,36,97,['SMALL FORWARD'],odomla01,20,DALLAS MAVERICKS,52,totals_2012.csv
358,358,29,24,214,74,0,26,143,27,27,114,38,0,781,Emeka Okafor,70,73,['CENTER'],okafoem01,16,NEW ORLEANS HORNETS,37,totals_2012.csv
359,359,32,30,139,5,72,5,59,17,14,52,3,23,454,Mehmet Okur,22,45,['CENTER'],okurme01,9,NEW JERSEY NETS,25,totals_2012.csv
360,360,21,5,30,25,1,9,20,16,2,17,11,0,187,Daniel Orton,19,30,['POWER FORWARD'],ortonda01,8,ORLANDO MAGIC,7,totals_2012.csv
361,361,27,16,175,46,60,21,42,39,5,60,31,16,500,Travis Outlaw,19,34,['SMALL FORWARD'],outlatr01,19,SACRAMENTO KINGS,20,totals_2012.csv
362,362,29,4,11,4,5,1,11,7,0,4,3,2,75,Larry Owens,2,10,['SMALL FORWARD'],owensla01,0,NEW JERSEY NETS,2,totals_2012.csv
363,363,27,79,339,158,0,29,303,58,44,169,117,0,1640,Zaza Pachulia,154,172,['CENTER'],pachuza01,55,ATLANTA HAWKS,81,totals_2012.csv
364,364,32,96,253,20,138,2,64,50,0,105,19,53,671,Jannero Pargo,9,64,['POINT GUARD'],pargoja01,20,ATLANTA HAWKS,49,totals_2012.csv
365,365,25,55,150,27,38,0,25,44,5,50,16,10,424,Jeremy Pargo,12,46,['POINT GUARD'],pargoje01,15,MEMPHIS GRIZZLIES,46,totals_2012.csv
366,366,36,120,326,56,138,7,128,51,51,141,35,50,1280,Anthony Parker,10,65,['SMALL FORWARD'],parkean01,38,CLEVELAND CAVALIERS,50,totals_2012.csv
367,367,29,463,890,284,61,5,149,60,60,427,227,14,1923,Tony Parker,22,75,['POINT GUARD'],parketo01,57,SAN ANTONIO SPURS,153,totals_2012.csv
368,368,23,134,549,78,178,29,210,63,57,248,43,60,1804,Chandler Parsons,90,142,['SMALL FORWARD'],parsoch01,73,HOUSTON ROCKETS,81,totals_2012.csv
369,369,22,53,511,57,3,36,174,64,1,225,40,0,1483,Patrick Patterson,112,113,['POWER FORWARD'],pattepa01,27,HOUSTON ROCKETS,49,totals_2012.csv
370,370,26,543,890,302,213,4,171,60,60,425,260,79,2181,Chris Paul,42,138,['POINT GUARD'],paulch01,152,LOS ANGELES CLIPPERS,124,totals_2012.csv
371,371,28,18,128,8,58,15,68,45,7,50,3,17,527,Sasha Pavlović,4,54,['SMALL FORWARD'],pavloal01,20,BOSTON CELTICS,20,totals_2012.csv
372,372,26,31,454,187,0,31,165,47,35,256,139,0,1264,Nikola Peković,181,98,['CENTER'],pekovni01,29,MINNESOTA TIMBERWOLVES,87,totals_2012.csv
373,373,27,78,262,112,0,73,306,65,65,128,73,0,1744,Kendrick Perkins,120,189,['CENTER'],perkike01,25,OKLAHOMA CITY THUNDER,118,totals_2012.csv
374,374,26,45,260,37,1,23,156,59,10,109,31,1,920,Johan Petro,68,122,['CENTER'],petrojo01,21,NEW JERSEY NETS,38,totals_2012.csv
375,375,34,274,890,344,273,26,280,61,61,394,293,100,2075,Paul Pierce,37,147,['SMALL FORWARD'],piercpa01,70,BOSTON CELTICS,173,totals_2012.csv
376,376,29,25,270,31,182,10,112,42,6,104,20,61,921,Mickaël Piétrus,18,81,['SHOOTING GUARD'],pietrmi01,21,BOSTON CELTICS,33,totals_2012.csv
377,377,23,9,94,28,0,8,44,35,6,44,18,0,301,Dexter Pittman,27,73,['CENTER'],pittmde01,8,MIAMI HEAT,17,totals_2012.csv
378,378,23,27,239,53,73,5,71,64,8,108,33,22,1002,Quincy Pondexter,55,90,['SMALL FORWARD'],pondequ01,27,MEMPHIS GRIZZLIES,30,totals_2012.csv
379,379,25,86,174,35,88,2,48,44,1,59,28,26,568,A.J. Price,13,30,['POINT GUARD'],priceaj01,20,INDIANA PACERS,32,totals_2012.csv
380,380,28,67,130,25,44,3,38,36,8,49,20,13,517,Ronnie Price,18,72,['POINT GUARD'],pricero01,34,PHOENIX SUNS,46,totals_2012.csv
381,381,31,153,798,115,104,32,209,63,63,336,89,37,2087,Tayshaun Prince,72,77,['SMALL FORWARD'],princta01,27,DETROIT PISTONS,74,totals_2012.csv
382,382,32,6,48,18,0,16,109,27,19,22,11,0,449,Joel Przybilla,29,66,['CENTER'],przybjo01,4,PORTLAND TRAIL BLAZERS,22,totals_2012.csv
383,383,31,54,197,29,135,15,109,49,3,74,22,50,755,Vladimir Radmanović,34,62,['SMALL FORWARD'],radmavl01,21,ATLANTA HAWKS,35,totals_2012.csv
384,384,22,19,200,84,1,35,81,34,5,94,64,0,517,Anthony Randolph,42,56,['POWER FORWARD'],randoan01,13,MINNESOTA TIMBERWOLVES,40,totals_2012.csv
385,385,30,48,285,88,8,4,147,28,8,132,58,2,735,Zach Randolph,78,57,['POWER FORWARD'],randoza01,21,MEMPHIS GRIZZLIES,40,totals_2012.csv
386,386,32,33,360,111,132,0,63,51,2,144,88,42,770,Michael Redd,14,29,['SHOOTING GUARD'],reddmi01,13,PHOENIX SUNS,37,totals_2012.csv
387,387,27,164,584,157,268,6,132,65,22,248,143,112,1765,J.J. Redick,18,92,['SHOOTING GUARD'],redicjj01,27,ORLANDO MAGIC,68,totals_2012.csv
388,388,25,0,5,0,0,0,1,5,0,4,0,0,17,Ryan Reid,1,1,['POWER FORWARD'],reidry01,0,OKLAHOMA CITY THUNDER,1,totals_2012.csv
389,389,31,107,596,69,277,22,158,54,54,243,41,102,1591,Jason Richardson,36,91,['SHOOTING GUARD'],richaja01,53,ORLANDO MAGIC,60,totals_2012.csv
390,390,31,38,197,30,121,6,108,48,3,74,25,42,866,Quentin Richardson,15,74,['SMALL FORWARD'],richaqu01,28,ORLANDO MAGIC,29,totals_2012.csv
391,391,30,252,550,119,152,16,122,53,53,242,106,49,1750,Luke Ridnour,19,136,['SHOOTING GUARD'],ridnolu01,56,MINNESOTA TIMBERWOLVES,96,totals_2012.csv
392,392,27,231,484,113,181,2,85,51,9,205,94,66,1192,Nate Robinson,15,118,['POINT GUARD'],robinna01,59,GOLDEN STATE WARRIORS,75,totals_2012.csv
393,393,25,620,572,181,42,3,195,53,53,256,108,10,1957,Rajon Rondo,62,99,['POINT GUARD'],rondora01,95,BOSTON CELTICS,193,totals_2012.csv
394,394,23,307,695,239,173,28,105,39,39,302,194,54,1375,Derrick Rose,26,52,['POINT GUARD'],rosede01,35,CHICAGO BULLS,119,totals_2012.csv
395,395,21,336,389,157,94,8,150,41,31,139,126,32,1404,Ricky Rubio,21,97,['POINT GUARD'],rubiori01,91,MINNESOTA TIMBERWOLVES,131,totals_2012.csv
396,396,26,88,469,82,219,58,218,65,1,235,65,99,1717,Brandon Rush,33,64,['SMALL FORWARD'],rushbr01,35,GOLDEN STATE WARRIORS,68,totals_2012.csv
397,397,29,58,95,22,13,1,19,28,0,33,14,4,357,Walker Russell,7,29,['POINT GUARD'],russewa02,18,DETROIT PISTONS,33,totals_2012.csv
398,398,32,93,345,45,112,7,114,46,32,141,29,33,1250,John Salmons,20,77,['SMALL FORWARD'],salmojo01,37,SACRAMENTO KINGS,45,totals_2012.csv
399,399,23,20,231,117,0,20,117,54,0,105,82,0,825,Samardo Samuels,63,113,['CENTER'],samuesa01,20,CLEVELAND CAVALIERS,56,totals_2012.csv
400,400,23,33,184,38,2,76,98,52,0,84,18,0,643,Larry Sanders,62,133,['POWER FORWARD'],sandela01,32,MILWAUKEE BUCKS,43,totals_2012.csv
401,401,33,15,30,6,7,6,13,28,0,14,3,1,122,Brian Scalabrine,8,9,['POWER FORWARD'],scalabr01,5,CHICAGO BULLS,9,totals_2012.csv
402,402,31,140,888,198,3,24,306,66,66,436,153,0,2067,Luis Scola,122,214,['POWER FORWARD'],scolalu01,35,HOUSTON ROCKETS,153,totals_2012.csv
403,403,27,47,155,43,71,17,107,42,42,67,38,31,914,Thabo Sefolosha,21,78,['SHOOTING GUARD'],sefolth01,37,OKLAHOMA CITY THUNDER,40,totals_2012.csv
404,404,20,30,72,14,15,0,13,28,0,25,11,2,237,Josh Selby,2,17,['POINT GUARD'],selbyjo01,7,MEMPHIS GRIZZLIES,29,totals_2012.csv
405,405,22,33,382,70,1,76,177,57,21,203,47,0,1176,Kevin Séraphin,103,133,['CENTER'],serapke01,19,WASHINGTON WIZARDS,66,totals_2012.csv
406,406,25,212,354,147,62,1,108,41,4,141,122,26,1006,Ramon Sessions,19,63,['POINT GUARD'],sessira01,27,CLEVELAND CAVALIERS,82,totals_2012.csv
407,407,25,142,211,101,35,2,73,23,19,101,72,17,701,Ramon Sessions,14,37,['POINT GUARD'],sessira01,17,LOS ANGELES LAKERS,59,totals_2012.csv
408,408,21,164,534,109,157,8,144,59,35,214,87,48,1705,Iman Shumpert,42,173,['POINT GUARD'],shumpim01,101,NEW YORK KNICKS,111,totals_2012.csv
409,409,24,3,15,3,6,0,2,2,0,4,2,1,39,Xavier Silas,2,5,['SHOOTING GUARD'],silasxa01,0,PHILADELPHIA 76ERS,3,totals_2012.csv
410,410,31,11,90,7,60,3,38,28,0,28,4,20,418,Bobby Simmons,17,41,['SMALL FORWARD'],simmobo01,15,LOS ANGELES CLIPPERS,10,totals_2012.csv
411,411,22,49,312,44,127,30,190,66,51,116,30,44,1431,Chris Singleton,43,176,['SMALL FORWARD'],singlch01,70,WASHINGTON WIZARDS,38,totals_2012.csv
412,412,30,15,75,15,9,8,56,12,0,41,14,2,262,James Singleton,25,27,['POWER FORWARD'],singlja01,9,WASHINGTON WIZARDS,10,totals_2012.csv
413,413,35,0,1,0,0,0,0,1,0,0,0,0,4,Brian Skinner,0,1,['CENTER'],skinnbr01,0,MEMPHIS GRIZZLIES,0,totals_2012.csv
414,414,24,5,8,0,1,0,4,5,0,3,0,0,20,Donald Sloan,1,3,['POINT GUARD'],sloando01,1,ATLANTA HAWKS,2,totals_2012.csv
415,415,24,8,14,4,2,0,1,3,0,5,2,0,41,Donald Sloan,2,2,['POINT GUARD'],sloando01,2,NEW ORLEANS HORNETS,5,totals_2012.csv
416,416,24,92,176,26,22,3,44,25,11,71,21,2,608,Donald Sloan,15,32,['POINT GUARD'],sloando01,10,CLEVELAND CAVALIERS,42,totals_2012.csv
417,417,28,19,117,53,1,5,77,47,0,59,38,0,464,Craig Smith,33,55,['POWER FORWARD'],smithcr01,16,PORTLAND TRAIL BLAZERS,24,totals_2012.csv
418,418,21,1,11,0,0,5,15,8,0,7,0,0,69,Greg Smith,5,17,['CENTER'],smithgr02,2,HOUSTON ROCKETS,1,totals_2012.csv
419,419,23,9,30,2,5,0,7,6,1,12,1,2,63,Ish Smith,2,4,['POINT GUARD'],smithis01,4,GOLDEN STATE WARRIORS,1,totals_2012.csv
420,420,23,32,51,8,4,2,21,20,0,19,6,1,171,Ish Smith,5,11,['POINT GUARD'],smithis01,11,ORLANDO MAGIC,12,totals_2012.csv
421,421,26,84,405,55,193,6,107,35,1,165,39,67,967,J.R. Smith,29,87,['SHOOTING GUARD'],smithjr01,54,NEW YORK KNICKS,46,totals_2012.csv
422,422,25,34,348,47,9,41,124,40,29,181,33,1,947,Jason Smith,72,102,['POWER FORWARD'],smithja02,21,NEW ORLEANS HORNETS,40,totals_2012.csv
423,423,24,4,14,0,6,0,5,5,0,3,0,1,46,Jerry Smith,2,5,['POINT GUARD'],smithje01,5,NEW JERSEY NETS,0,totals_2012.csv
424,424,26,257,1101,322,109,115,496,66,66,504,203,28,2329,Josh Smith,136,172,['POWER FORWARD'],smithjo03,93,ATLANTA HAWKS,164,totals_2012.csv
425,425,23,62,180,28,45,3,39,44,4,67,20,13,541,Nolan Smith,17,55,['POINT GUARD'],smithno01,18,PORTLAND TRAIL BLAZERS,42,totals_2012.csv
426,426,24,48,488,109,3,29,241,60,54,221,84,0,1345,Marreese Speights,133,147,['POWER FORWARD'],speigma01,21,MEMPHIS GRIZZLIES,74,totals_2012.csv
427,427,27,65,343,181,0,47,213,59,2,212,125,0,1121,Tiago Splitter,93,134,['CENTER'],splitti01,21,SAN ANTONIO SPURS,87,totals_2012.csv
428,428,37,14,100,23,38,3,17,30,0,37,21,13,273,Jerry Stackhouse,6,12,['SMALL FORWARD'],stackje01,10,ATLANTA HAWKS,13,totals_2012.csv
429,429,21,46,125,17,30,5,41,42,1,47,8,4,442,Lance Stephenson,12,30,['SHOOTING GUARD'],stephla01,21,INDIANA PACERS,36,totals_2012.csv
430,430,30,41,172,16,145,4,94,51,30,49,9,41,960,DeShawn Stevenson,7,59,['SMALL FORWARD'],stevede01,19,NEW JERSEY NETS,19,totals_2012.csv
431,431,26,28,121,41,0,85,129,55,3,66,29,0,766,Greg Stiemsma,48,144,['CENTER'],stiemgr01,37,BOSTON CELTICS,33,totals_2012.csv
432,432,23,37,31,11,11,6,20,22,2,13,8,2,179,Julyan Stone,5,18,['SHOOTING GUARD'],stoneju01,8,DENVER NUGGETS,11,totals_2012.csv
433,433,29,52,654,243,21,45,261,47,47,316,186,5,1543,Amar'e Stoudemire,106,138,['POWER FORWARD'],stoudam01,38,NEW YORK KNICKS,112,totals_2012.csv
434,434,25,210,597,320,104,10,104,55,48,256,267,33,1644,Rodney Stuckey,38,124,['SHOOTING GUARD'],stuckro01,44,DETROIT PISTONS,106,totals_2012.csv
435,435,24,10,65,9,16,0,15,15,6,28,7,5,209,DaJuan Summers,8,31,['SMALL FORWARD'],summeda01,7,NEW ORLEANS HORNETS,8,totals_2012.csv
436,436,23,321,672,185,149,37,138,66,66,320,140,51,2183,Jeff Teague,21,145,['POINT GUARD'],teaguje01,106,ATLANTA HAWKS,134,totals_2012.csv
437,437,26,138,342,67,105,12,71,60,1,141,53,33,895,Sebastian Telfair,20,120,['POINT GUARD'],telfase01,41,PHOENIX SUNS,68,totals_2012.csv
438,438,34,226,830,111,365,11,133,63,1,357,98,138,2000,Jason Terry,16,69,['SHOOTING GUARD'],terryja01,73,DALLAS MAVERICKS,127,totals_2012.csv
439,439,24,0,3,0,0,2,6,5,0,3,0,0,23,Hasheem Thabeet,1,5,['CENTER'],thabeha01,0,HOUSTON ROCKETS,0,totals_2012.csv
440,440,24,0,18,20,0,8,20,15,3,8,13,0,116,Hasheem Thabeet,15,15,['CENTER'],thabeha01,1,PORTLAND TRAIL BLAZERS,8,totals_2012.csv
441,441,22,266,571,185,219,8,120,65,37,256,154,83,1656,Isaiah Thomas,48,121,['POINT GUARD'],thomais02,53,SACRAMENTO KINGS,105,totals_2012.csv
442,442,39,46,157,20,0,31,149,53,3,73,14,0,803,Kurt Thomas,39,123,['CENTER'],thomaku01,24,PORTLAND TRAIL BLAZERS,31,totals_2012.csv
443,443,23,12,126,62,1,7,77,42,10,57,52,0,630,Lance Thomas,49,78,['POWER FORWARD'],thomala01,10,NEW ORLEANS HORNETS,24,totals_2012.csv
444,444,23,1,3,2,0,1,2,3,0,0,1,0,15,Malcolm Thomas,1,0,['POWER FORWARD'],thomama01,1,SAN ANTONIO SPURS,0,totals_2012.csv
445,445,25,35,327,83,3,60,151,54,30,120,63,1,1013,Tyrus Thomas,49,144,['POWER FORWARD'],thomaty01,36,CHARLOTTE BOBCATS,53,totals_2012.csv
446,446,21,3,61,7,13,3,20,24,0,24,5,4,119,Trey Thompkins,4,10,['CENTER'],thomptr02,3,LOS ANGELES CLIPPERS,6,totals_2012.csv
447,447,25,79,443,181,2,44,277,64,47,237,109,0,1657,Jason Thompson,166,149,['POWER FORWARD'],thompja02,43,SACRAMENTO KINGS,68,totals_2012.csv
448,448,21,133,718,91,268,20,137,66,29,318,79,111,1608,Klay Thompson,24,155,['SHOOTING GUARD'],thompkl01,49,GOLDEN STATE WARRIORS,103,totals_2012.csv
449,449,23,7,24,0,11,1,5,5,3,7,0,4,95,Mychel Thompson,0,8,['SHOOTING GUARD'],thompmy02,2,CLEVELAND CAVALIERS,5,totals_2012.csv
450,450,20,27,442,192,2,62,202,60,25,194,106,0,1424,Tristan Thompson,187,134,['POWER FORWARD'],thomptr01,27,CLEVELAND CAVALIERS,81,totals_2012.csv
451,451,24,98,803,163,310,12,104,51,51,352,141,107,1780,Marcus Thornton,84,111,['SHOOTING GUARD'],thornma01,71,SACRAMENTO KINGS,84,totals_2012.csv
452,452,33,123,141,17,37,8,39,37,1,57,13,10,507,Jamaal Tinsley,6,47,['POINT GUARD'],tinslja01,17,UTAH JAZZ,52,totals_2012.csv
453,453,26,22,182,55,101,19,103,51,0,71,41,25,882,Anthony Tolliver,50,86,['SMALL FORWARD'],tollian01,18,MINNESOTA TIMBERWOLVES,35,totals_2012.csv
454,454,29,5,3,0,0,3,11,4,0,3,0,0,58,Ronny Turiaf,1,7,['CENTER'],turiaro01,6,WASHINGTON WIZARDS,6,totals_2012.csv
455,455,29,5,30,22,1,14,39,13,5,16,13,0,221,Ronny Turiaf,19,32,['CENTER'],turiaro01,8,MIAMI HEAT,8,totals_2012.csv
456,456,32,233,504,95,258,17,175,53,53,209,67,91,1653,Hedo Türkoğlu,24,139,['SMALL FORWARD'],turkohe01,45,ORLANDO MAGIC,142,totals_2012.csv
457,457,23,180,590,108,49,20,349,65,20,263,73,11,1713,Evan Turner,27,117,['SMALL FORWARD'],turneev01,40,PHILADELPHIA 76ERS,105,totals_2012.csv
458,458,20,16,209,52,1,20,86,42,23,88,29,0,568,Jeremy Tyler,54,84,['CENTER'],tylerje01,16,GOLDEN STATE WARRIORS,36,totals_2012.csv
459,459,25,1,18,3,5,1,8,4,0,5,3,1,52,Edwin Ubiles,2,1,['SMALL FORWARD'],ubileed01,1,WASHINGTON WIZARDS,1,totals_2012.csv
460,460,24,31,185,64,0,65,89,38,6,82,46,0,827,Ekpe Udoh,58,115,['CENTER'],udohek01,25,GOLDEN STATE WARRIORS,35,totals_2012.csv
461,461,24,26,110,50,2,37,65,23,5,45,40,0,463,Ekpe Udoh,42,59,['CENTER'],udohek01,15,MILWAUKEE BUCKS,18,totals_2012.csv
462,462,29,227,332,55,59,1,76,59,0,146,39,17,1080,Beno Udrih,26,69,['SHOOTING GUARD'],udrihbe01,37,MILWAUKEE BUCKS,77,totals_2012.csv
463,463,23,2,5,0,0,0,2,2,0,2,0,0,13,Ben Uzoh,2,1,['POINT GUARD'],uzohbe01,1,CLEVELAND CAVALIERS,0,totals_2012.csv
464,464,23,59,94,19,1,3,46,16,8,33,11,0,357,Ben Uzoh,17,30,['POINT GUARD'],uzohbe01,16,TORONTO RAPTORS,19,totals_2012.csv
465,465,29,43,222,64,4,17,178,25,25,114,43,0,785,Anderson Varejão,109,62,['CENTER'],varejan01,35,CLEVELAND CAVALIERS,45,totals_2012.csv
466,466,25,359,523,117,135,8,150,66,26,225,96,43,1706,Greivis Vásquez,23,126,['SHOOTING GUARD'],vasqugr01,60,NEW ORLEANS HORNETS,148,totals_2012.csv
467,467,21,47,218,62,1,32,148,57,20,117,33,0,1078,Jan Veselý,101,156,['POWER FORWARD'],veselja01,39,WASHINGTON WIZARDS,60,totals_2012.csv
468,468,27,6,91,7,45,5,39,13,0,35,6,15,180,Charlie Villanueva,9,25,['POWER FORWARD'],villach01,7,DETROIT PISTONS,7,totals_2012.csv
469,469,21,31,291,34,8,34,158,51,15,131,18,3,812,Nikola Vučević,88,111,['CENTER'],vucevni01,20,PHILADELPHIA 76ERS,33,totals_2012.csv
470,470,30,225,837,297,56,63,164,49,49,416,235,15,1625,Dwyane Wade,73,110,['SHOOTING GUARD'],wadedw01,82,MIAMI HEAT,129,totals_2012.csv
471,471,26,29,157,54,39,3,39,33,1,71,38,14,469,Von Wafer,6,26,['SHOOTING GUARD'],wafervo01,10,ORLANDO MAGIC,35,totals_2012.csv
472,472,24,37,171,20,113,7,71,32,8,68,17,36,620,Henry Walker,9,84,['SHOOTING GUARD'],walkebi01,19,NEW YORK KNICKS,35,totals_2012.csv
473,473,21,289,767,213,226,20,204,66,25,281,168,69,1792,Kemba Walker,30,79,['POINT GUARD'],walkeke02,60,CHARLOTTE BOBCATS,119,totals_2012.csv
474,474,21,530,894,402,42,57,252,66,66,378,317,3,2386,John Wall,48,137,['POINT GUARD'],walljo01,95,WASHINGTON WIZARDS,255,totals_2012.csv
475,475,37,43,86,47,4,51,188,62,11,34,16,1,980,Ben Wallace,81,60,['CENTER'],wallabe01,47,DETROIT PISTONS,34,totals_2012.csv
476,476,29,115,430,161,98,25,214,42,42,203,125,26,1503,Gerald Wallace,63,107,['SMALL FORWARD'],wallage01,62,PORTLAND TRAIL BLAZERS,84,totals_2012.csv
477,477,29,49,202,64,52,11,85,16,16,84,55,20,573,Gerald Wallace,24,38,['SMALL FORWARD'],wallage01,23,NEW JERSEY NETS,27,totals_2012.csv
478,478,31,5,14,0,4,0,8,9,0,6,0,0,65,Luke Walton,6,9,['SMALL FORWARD'],waltolu01,2,LOS ANGELES LAKERS,2,totals_2012.csv
479,479,31,30,51,0,16,1,28,21,0,18,0,7,299,Luke Walton,7,32,['POWER FORWARD'],waltolu01,3,CLEVELAND CAVALIERS,25,totals_2012.csv
480,480,29,30,180,99,10,3,61,35,0,74,76,1,503,Hakim Warrick,31,35,['POWER FORWARD'],warriha01,8,PHOENIX SUNS,36,totals_2012.csv
481,481,27,3,14,18,0,4,19,5,0,7,9,0,98,Darryl Watkins,8,14,['CENTER'],watkida01,5,NEW ORLEANS HORNETS,8,totals_2012.csv
482,482,27,200,437,104,173,8,84,49,25,161,84,68,1159,C.J. Watson,21,103,['POINT GUARD'],watsocj01,45,CHICAGO BULLS,97,totals_2012.csv
483,483,32,217,160,46,52,22,91,50,2,54,31,10,1033,Earl Watson,30,105,['POINT GUARD'],watsoea01,54,UTAH JAZZ,85,totals_2012.csv
484,484,25,40,272,72,109,17,126,47,26,115,57,37,1140,Martell Webster,42,86,['SMALL FORWARD'],webstma02,31,MINNESOTA TIMBERWOLVES,46,totals_2012.csv
485,485,31,140,716,176,9,46,315,66,66,349,142,2,1925,David West,118,160,['POWER FORWARD'],westda01,52,INDIANA PACERS,93,totals_2012.csv
486,486,28,139,360,70,76,11,88,44,33,166,62,27,1060,Delonte West,13,67,['POINT GUARD'],westde01,58,DALLAS MAVERICKS,76,totals_2012.csv
487,487,23,362,1266,413,196,21,205,66,66,578,340,62,2331,Russell Westbrook,96,147,['POINT GUARD'],westbru01,112,OKLAHOMA CITY THUNDER,239,totals_2012.csv
488,488,25,47,353,61,1,23,159,58,11,174,43,1,1098,D.J. White,50,94,['POWER FORWARD'],whitedj01,17,CHARLOTTE BOBCATS,43,totals_2012.csv
489,489,22,0,27,12,0,15,23,18,0,12,5,0,109,Hassan Whiteside,16,12,['CENTER'],whiteha01,3,SACRAMENTO KINGS,5,totals_2012.csv
490,490,29,12,107,39,0,9,84,28,4,64,24,0,481,Chris Wilcox,38,64,['CENTER'],wilcoch01,11,BOSTON CELTICS,30,totals_2012.csv
491,491,32,44,193,54,23,13,78,60,2,76,34,7,922,Damien Wilkins,22,85,['SMALL FORWARD'],wilkida02,29,DETROIT PISTONS,30,totals_2012.csv
492,492,27,481,961,305,342,20,160,55,55,391,257,115,1999,Deron Williams,23,121,['POINT GUARD'],willide01,67,NEW JERSEY NETS,219,totals_2012.csv
493,493,20,38,498,195,138,31,234,66,15,205,136,37,1418,Derrick Williams,77,95,['POWER FORWARD'],willide02,30,MINNESOTA TIMBERWOLVES,77,totals_2012.csv
494,494,22,6,74,18,27,3,12,24,0,37,6,8,149,Elliot Williams,7,18,['SHOOTING GUARD'],williel01,6,PORTLAND TRAIL BLAZERS,5,totals_2012.csv
495,495,21,11,152,66,0,15,90,43,5,77,43,0,635,Jordan Williams,66,61,['CENTER'],willijo03,21,NEW JERSEY NETS,23,totals_2012.csv
496,496,25,221,782,292,229,18,125,64,0,318,237,83,1682,Lou Williams,30,90,['POINT GUARD'],willilo02,53,PHILADELPHIA 76ERS,71,totals_2012.csv
497,497,25,71,470,146,149,18,218,57,37,203,115,58,1500,Marvin Williams,76,84,['SMALL FORWARD'],willima02,47,ATLANTA HAWKS,39,totals_2012.csv
498,498,29,160,611,80,239,7,76,52,1,260,72,93,1472,Mo Williams,23,103,['SHOOTING GUARD'],willima01,51,LOS ANGELES CLIPPERS,86,totals_2012.csv
499,499,25,60,255,40,107,3,66,33,13,106,29,33,747,Reggie Williams,27,34,['SMALL FORWARD'],willire02,20,CHARLOTTE BOBCATS,33,totals_2012.csv
500,500,25,2,16,6,0,5,4,8,0,12,5,0,65,Sean Williams,9,14,['CENTER'],willise01,1,DALLAS MAVERICKS,7,totals_2012.csv
501,501,25,3,6,7,0,3,8,3,0,2,7,0,42,Sean Williams,4,4,['CENTER'],willise01,3,BOSTON CELTICS,3,totals_2012.csv
502,502,25,16,147,11,87,11,48,25,6,42,8,21,514,Shawne Williams,20,44,['SMALL FORWARD'],willish03,10,NEW JERSEY NETS,13,totals_2012.csv
503,503,28,35,201,104,0,39,209,58,35,96,76,0,1276,Shelden Williams,141,149,['CENTER'],willish02,47,NEW JERSEY NETS,66,totals_2012.csv
504,504,24,10,57,12,19,1,26,12,0,20,6,8,181,Terrence Williams,2,16,['SHOOTING GUARD'],willite01,4,HOUSTON ROCKETS,10,totals_2012.csv
505,505,24,55,141,34,27,6,63,18,0,65,21,8,369,Terrence Williams,11,19,['SHOOTING GUARD'],willite01,16,SACRAMENTO KINGS,33,totals_2012.csv
506,506,32,140,465,115,189,27,147,64,45,183,71,56,1720,Metta World Peace,71,137,['SMALL FORWARD'],artesro01,69,LOS ANGELES LAKERS,69,totals_2012.csv
507,507,24,13,233,82,1,63,112,49,0,144,52,0,791,Brandan Wright,62,61,['CENTER'],wrighbr03,22,DALLAS MAVERICKS,21,totals_2012.csv
508,508,23,4,45,31,0,13,26,24,1,23,24,0,186,Chris Wright,19,22,['SMALL FORWARD'],wrighch01,7,GOLDEN STATE WARRIORS,8,totals_2012.csv
509,509,26,94,526,98,292,26,218,61,61,222,80,105,1650,Dorell Wright,60,97,['SMALL FORWARD'],wrighdo01,58,GOLDEN STATE WARRIORS,51,totals_2012.csv
510,510,26,46,591,130,197,11,77,40,32,240,112,73,1211,Nick Young,20,90,['SHOOTING GUARD'],youngni01,30,WASHINGTON WIZARDS,59,totals_2012.csv
511,511,26,10,193,39,85,6,25,22,3,76,32,30,518,Nick Young,11,51,['SHOOTING GUARD'],youngni01,14,LOS ANGELES CLIPPERS,24,totals_2012.csv
512,512,26,9,83,12,9,2,27,21,2,32,10,0,240,Sam Young,14,12,['SMALL FORWARD'],youngsa01,11,MEMPHIS GRIZZLIES,9,totals_2012.csv
513,513,26,6,44,14,8,4,15,14,0,13,9,5,135,Sam Young,6,11,['SMALL FORWARD'],youngsa01,6,PHILADELPHIA 76ERS,7,totals_2012.csv
514,514,23,74,687,144,4,41,188,63,1,348,111,1,1755,Thaddeus Young,137,127,['POWER FORWARD'],youngth01,64,PHILADELPHIA 76ERS,55,totals_2012.csv
