year	Lg	Team	W	L	W/L%	SRS	Pace	Rel Pace	ORtg	Rel ORtg	DRtg	Rel DRtg
2018	NBA	Atlanta Hawks	27	48	0.36	-6.12	103.8	3.8	107.9	-2.3	113.4	3.2
2017	NBA	Atlanta Hawks	24	58	0.293	-5.3	98.3	1	105	-3.6	110.6	2
2016	NBA	Atlanta Hawks	43	39	0.524	-1.23	97.4	1	104.9	-3.9	105.7	-3.1
2015	NBA	Atlanta Hawks	48	34	0.585	3.49	97.1	1.3	105.1	-1.3	101.4	-5
2014	NBA	Atlanta Hawks	60	22	0.732	4.75	93.9	0	108.9	3.3	103.1	-2.5
2013	NBA	Atlanta Hawks	38	44	0.463	-0.88	94.6	0.7	105.9	-0.8	106.4	-0.3
2012	NBA	Atlanta Hawks	44	38	0.537	-0.08	92.6	0.6	104.8	-1.1	104.4	-1.5
2011	NBA	Atlanta Hawks	40	26	0.606	2.67	90.2	-1.1	104.9	0.3	101.2	-3.4
2010	NBA	Atlanta Hawks	44	38	0.537	-1.1	89.3	-2.8	106.1	-1.2	107	-0.3
2009	NBA	Atlanta Hawks	53	29	0.646	4.44	90.1	-2.6	111.9	4.3	106.7	-0.9
2008	NBA	Atlanta Hawks	47	35	0.573	1.7	89.6	-2.1	109.3	1	107.6	-0.7
2007	NBA	Atlanta Hawks	37	45	0.451	-2.23	91.1	-1.3	106.9	-0.6	108.9	1.4
2006	NBA	Atlanta Hawks	30	52	0.366	-4.86	90	-1.9	103	-3.5	108.3	1.8
2005	NBA	Atlanta Hawks	26	56	0.317	-4.69	90.4	-0.1	106.4	0.2	111.6	5.4
2004	NBA	Atlanta Hawks	13	69	0.159	-9.62	91.4	0.5	100.6	-5.5	111.1	5
2003	NBA	Atlanta Hawks	28	54	0.341	-5	90.8	0.7	101	-1.9	106.1	3.2
2002	NBA	Atlanta Hawks	35	47	0.427	-3.87	91	0	102.3	-1.3	106.1	2.5
2001	NBA	Atlanta Hawks	33	49	0.402	-4.41	91.9	1.2	101.8	-2.7	106.4	1.9
2000	NBA	Atlanta Hawks	25	57	0.305	-5.55	91.9	0.6	98.7	-4.3	104.3	1.3
1999	NBA	Atlanta Hawks	28	54	0.341	-5.41	91.7	-1.4	102	-2.1	107.9	3.8
1998	NBA	Atlanta Hawks	31	19	0.62	2.82	85.3	-3.6	100.5	-1.7	97.1	-5.1
1997	NBA	Atlanta Hawks	50	32	0.61	3.85	87.7	-2.6	108.2	3.2	104.3	-0.7
1996	NBA	Atlanta Hawks	56	26	0.683	5.52	86.8	-3.3	108.5	1.8	102.3	-4.4
1995	NBA	Atlanta Hawks	46	36	0.561	1.29	89.6	-2.2	109.4	1.8	108	0.4
1994	NBA	Atlanta Hawks	42	40	0.512	1.06	89.8	-3.1	106.6	-1.7	105.2	-3.1
1993	NBA	Atlanta Hawks	57	25	0.695	4.94	94.2	-0.9	107.2	0.9	101.7	-4.6
1992	NBA	Atlanta Hawks	43	39	0.524	-0.67	97.6	0.8	109.3	1.3	110.2	2.2
1991	NBA	Atlanta Hawks	38	44	0.463	-1.15	97.8	1.2	107.3	-0.9	108.9	0.7
1990	NBA	Atlanta Hawks	43	39	0.524	0.72	98.6	0.8	110.9	3	110.1	2.2
1989	NBA	Atlanta Hawks	41	41	0.5	0.64	95.8	-2.5	113	4.9	111.9	3.8
1988	NBA	Atlanta Hawks	52	30	0.634	5.26	98.3	-2.3	112.2	4.4	107.2	-0.6
1987	NBA	Atlanta Hawks	50	32	0.61	4.02	96.4	-3.2	111.3	3.3	107.6	-0.4
1986	NBA	Atlanta Hawks	57	25	0.695	7.18	97.4	-3.4	112.6	4.3	105.2	-3.1
1985	NBA	Atlanta Hawks	50	32	0.61	2.59	100	-2.1	107.9	0.7	105.6	-1.6
1984	NBA	Atlanta Hawks	34	48	0.415	-1.14	99.8	-2.3	105.9	-2	107.3	-0.6
1983	NBA	Atlanta Hawks	40	42	0.488	-1.08	95.3	-6.1	105.5	-2.1	106.9	-0.7
1982	NBA	Atlanta Hawks	43	39	0.524	-0.72	98.9	-4.2	102.2	-2.5	103.2	-1.5
1981	NBA	Atlanta Hawks	42	40	0.512	0.81	95.1	-5.8	105.1	-1.8	104.6	-2.3
1980	NBA	Atlanta Hawks	31	51	0.378	-2.37	99.4	-2.4	104.3	-1.2	107.3	1.8
1979	NBA	Atlanta Hawks	50	32	0.61	2.83	98.9	-4.2	105.2	-0.1	102.3	-3
1978	NBA	Atlanta Hawks	46	36	0.561	1.92	102.5	-3.3	105.6	1.8	103.6	-0.2
1977	NBA	Atlanta Hawks	41	41	0.5	-0.13	103.3	-3.4	99.7	-1.2	99.8	-1.1
1976	NBA	Atlanta Hawks	31	51	0.378	-3.87	104.6	-1.9	97.8	-1.7	101.6	2.1
1975	NBA	Atlanta Hawks	29	53	0.354	-2.66	103.6	-1.9	98.4	0.1	101.2	2.9
1974	NBA	Atlanta Hawks	31	51	0.378	-1.32	106.3	1.8	98.3	0.6	99.5	1.8
1973	NBA	Atlanta Hawks	35	47	0.427	-1.47	110.8	3	97.7	0	99	1.3
2018	NBA	Boston Celtics	44	31	0.587	4	99.6	-0.4	112.4	2.2	107.8	-2.4
2017	NBA	Boston Celtics	55	27	0.671	3.23	96	-1.3	107.6	-1	103.9	-4.7
2016	NBA	Boston Celtics	53	29	0.646	2.25	96.8	0.4	111.2	2.4	108.4	-0.4
2015	NBA	Boston Celtics	48	34	0.585	2.84	98.5	2.7	106.8	0.4	103.6	-2.8
2014	NBA	Boston Celtics	40	42	0.488	-0.4	95.8	1.9	104.7	-0.9	104.5	-1.1
2013	NBA	Boston Celtics	25	57	0.305	-4.97	93.3	-0.6	102.9	-3.8	107.7	1
2012	NBA	Boston Celtics	41	40	0.506	-0.62	91.7	-0.3	103.1	-2.8	103.3	-2.6
2011	NBA	Boston Celtics	39	27	0.591	2.26	90.4	-0.9	101	-3.6	98.2	-6.4
2010	NBA	Boston Celtics	56	26	0.683	4.83	90.4	-1.7	106.2	-1.1	100.3	-7
2009	NBA	Boston Celtics	50	32	0.61	3.37	91.6	-1.1	107.7	0.1	103.8	-3.8
2008	NBA	Boston Celtics	62	20	0.756	7.44	90.4	-1.3	110.5	2.2	102.3	-6
2007	NBA	Boston Celtics	66	16	0.805	9.3	90.9	-1.5	110.2	2.7	98.9	-8.6
2006	NBA	Boston Celtics	24	58	0.293	-3.7	92	0.1	103.2	-3.3	106.9	0.4
2005	NBA	Boston Celtics	33	49	0.402	-1.59	92.2	1.7	105.2	-1	106.9	0.7
2004	NBA	Boston Celtics	45	37	0.549	0.35	93.3	2.4	107.5	1.4	106.6	0.5
2003	NBA	Boston Celtics	36	46	0.439	-1.99	93.2	3.1	102.1	-0.8	103.7	0.8
2002	NBA	Boston Celtics	44	38	0.537	-0.75	90.9	-0.1	101.2	-2.4	101.6	-2
2001	NBA	Boston Celtics	49	33	0.598	1.75	92.5	1.8	103.4	-1.1	101	-3.5
2000	NBA	Boston Celtics	36	46	0.439	-2.4	92.6	1.3	101.4	-1.6	103.7	0.7
1999	NBA	Boston Celtics	35	47	0.427	-1	94.6	1.5	104.8	0.7	105.6	1.5
1998	NBA	Boston Celtics	19	31	0.38	-1.75	91.5	2.6	100.4	-1.8	102.4	0.2
1997	NBA	Boston Celtics	36	46	0.439	-1.96	93.3	3	102.6	-2.4	105.4	0.4
1996	NBA	Boston Celtics	15	67	0.183	-6.62	95.8	5.7	103.9	-2.8	111.4	4.7
1995	NBA	Boston Celtics	33	49	0.402	-3.37	96.2	4.4	106.4	-1.2	109.9	2.3
1994	NBA	Boston Celtics	35	47	0.427	-1.92	94	1.1	108.6	0.3	110.6	2.3
1993	NBA	Boston Celtics	32	50	0.39	-4.28	95.6	0.5	104.2	-2.1	108.7	2.4
1992	NBA	Boston Celtics	48	34	0.585	0.93	94.9	-1.9	108.7	0.7	107.8	-0.2
1991	NBA	Boston Celtics	51	31	0.622	3.41	95.8	-0.8	110.8	2.6	107	-1.2
1990	NBA	Boston Celtics	56	26	0.683	5.22	98.5	0.7	112.6	4.7	106.7	-1.2
1989	NBA	Boston Celtics	52	30	0.634	3.23	98.2	-0.1	112	3.9	107.9	-0.2
1988	NBA	Boston Celtics	42	40	0.512	1.26	98.1	-2.5	110.8	3	109.6	1.8
1987	NBA	Boston Celtics	57	25	0.695	6.15	97.9	-1.7	115.4	7.4	109.4	1.4
1986	NBA	Boston Celtics	59	23	0.72	6.57	98.6	-2.2	113.5	5.2	106.8	-1.5
1985	NBA	Boston Celtics	67	15	0.817	9.06	101.2	-0.9	111.8	4.6	102.6	-4.6
1984	NBA	Boston Celtics	63	19	0.768	6.47	101.6	-0.5	112.8	4.9	106.3	-1.6
1983	NBA	Boston Celtics	62	20	0.756	6.42	99.7	-1.7	110.9	3.3	104.4	-3.2
1982	NBA	Boston Celtics	56	26	0.683	5.34	104	0.9	106.9	2.2	101.8	-2.9
1981	NBA	Boston Celtics	63	19	0.768	6.35	101.5	0.6	109.8	2.9	103.5	-3.4
1980	NBA	Boston Celtics	62	20	0.756	6.05	100.8	-1	108.4	2.9	102.6	-2.9
1979	NBA	Boston Celtics	61	21	0.744	7.37	102.6	-0.5	109.4	4.1	101.9	-3.4
1978	NBA	Boston Celtics	29	53	0.354	-4.78	106.5	0.7	101.6	-2.2	106.4	2.6
1977	NBA	Boston Celtics	32	50	0.39	-1.86	105.9	-0.8	99.1	-1.8	100.9	0
1976	NBA	Boston Celtics	44	38	0.537	-1.9	107.5	1	96.5	-3	98.3	-1.2
1975	NBA	Boston Celtics	54	28	0.659	2.25	106.9	1.4	98.9	0.6	96.7	-1.6
1974	NBA	Boston Celtics	60	22	0.732	5.4	106.1	1.6	100	2.3	94.7	-3
1973	NBA	Boston Celtics	56	26	0.683	3.42	110	2.2	98.6	0.9	95.1	-2.6
2018	NBA	Brooklyn Nets	38	37	0.507	-1	100.6	0.6	109.5	-0.7	109.8	-0.4
2017	NBA	Brooklyn Nets	28	54	0.341	-3.67	98.9	1.6	106.9	-1.7	110.6	2
2016	NBA	Brooklyn Nets	20	62	0.244	-6.74	101.3	4.9	104.1	-4.7	110.7	1.9
2015	NBA	Brooklyn Nets	21	61	0.256	-7.12	95.2	-0.6	103.2	-3.2	110.9	4.5
2014	NBA	Brooklyn Nets	38	44	0.463	-3.13	92.7	-1.2	104.4	-1.2	107.4	1.8
2013	NBA	Brooklyn Nets	44	38	0.537	-1.58	91.4	-2.5	106.7	0	107.7	1
2012	NBA	Brooklyn Nets	49	33	0.598	1.25	88.8	-3.2	108.2	2.3	106.2	0.3
2011	NBA	Brooklyn Nets	22	44	0.333	-6.37	90.1	-1.2	102.9	-1.7	109.6	5
2010	NBA	Brooklyn Nets	24	58	0.293	-6.28	89.9	-2.2	103.1	-4.2	109.9	2.6
2009	NBA	Brooklyn Nets	12	70	0.146	-8.93	91.4	-1.3	100.6	-7	110.5	2.9
2008	NBA	Brooklyn Nets	34	48	0.415	-2.31	89.9	-1.8	108.3	0	111	2.7
2007	NBA	Brooklyn Nets	34	48	0.415	-5.15	91.5	-0.9	104	-3.5	109.4	1.9
2006	NBA	Brooklyn Nets	41	41	0.5	-1	91.4	-0.5	105.7	-0.8	106.6	0.1
2005	NBA	Brooklyn Nets	49	33	0.598	1.11	89.8	-0.7	103.9	-2.3	102.4	-3.8
2004	NBA	Brooklyn Nets	42	40	0.512	-1.82	89.1	-1.8	101.4	-4.7	103.1	-3
2003	NBA	Brooklyn Nets	47	35	0.573	1.88	89.4	-0.7	100.8	-2.1	98	-4.9
2002	NBA	Brooklyn Nets	49	33	0.598	4.42	91.6	0.6	103.8	0.2	98.1	-5.5
2001	NBA	Brooklyn Nets	52	30	0.634	3.67	91.8	1.1	104	-0.5	99.5	-5
2000	NBA	Brooklyn Nets	26	56	0.317	-5.3	91.8	0.5	100	-3	105.5	2.5
1999	NBA	Brooklyn Nets	31	51	0.378	-1.18	92.5	-0.6	105.1	1	106.3	2.2
1998	NBA	Brooklyn Nets	16	34	0.32	-3.2	91.5	2.6	99.5	-2.7	103.6	1.4
1997	NBA	Brooklyn Nets	43	39	0.524	1.88	91	0.7	108.3	3.3	106.6	1.6
1996	NBA	Brooklyn Nets	26	56	0.317	-3.89	92.4	2.3	104.7	-2	109.7	3
1995	NBA	Brooklyn Nets	30	52	0.366	-4.14	90.9	-0.9	101.9	-5.7	106.5	-1.1
1994	NBA	Brooklyn Nets	30	52	0.366	-3.28	92.3	-0.6	105.2	-3.1	108.6	0.3
1993	NBA	Brooklyn Nets	45	37	0.549	2.11	95.5	0.4	107.2	0.9	104.9	-1.4
1992	NBA	Brooklyn Nets	43	39	0.524	1.2	96	-0.8	106.5	-1.5	105.2	-2.8
1991	NBA	Brooklyn Nets	40	42	0.488	-1.54	98	1.4	107	-1.2	108.7	0.5
1990	NBA	Brooklyn Nets	26	56	0.317	-4.53	99.3	1.5	102.9	-5	107.4	-0.5
1989	NBA	Brooklyn Nets	17	65	0.207	-7.82	99.3	1	100.7	-7.4	108.6	0.5
1988	NBA	Brooklyn Nets	26	56	0.317	-5.69	100.1	-0.5	103	-4.8	109.3	1.5
1987	NBA	Brooklyn Nets	19	63	0.232	-6.98	98.6	-1	101.4	-6.6	109.6	1.6
1986	NBA	Brooklyn Nets	24	58	0.293	-4.42	101.8	1	105.6	-2.7	110.5	2.2
1985	NBA	Brooklyn Nets	39	43	0.476	-1.39	103.3	1.2	105	-2.2	106.9	-0.3
1984	NBA	Brooklyn Nets	42	40	0.512	0.64	101	-1.1	107.9	0	107.7	-0.2
1983	NBA	Brooklyn Nets	45	37	0.549	1.27	103	1.6	106.1	-1.5	105	-2.6
1982	NBA	Brooklyn Nets	49	33	0.598	2.77	104	0.9	101.6	-3.1	98.9	-5.8
1981	NBA	Brooklyn Nets	44	38	0.537	0.87	103.1	2.2	103	-3.9	102.3	-4.6
1980	NBA	Brooklyn Nets	24	58	0.293	-5.15	105.2	3.4	101	-4.5	106.7	1.2
1979	NBA	Brooklyn Nets	34	48	0.415	-0.98	106.1	3	101.5	-3.8	102.5	-2.8
1978	NBA	Brooklyn Nets	37	45	0.451	-4	109.5	3.7	98	-5.8	101.8	-2
1977	NBA	Brooklyn Nets	24	58	0.293	-5.61	110.9	4.2	95	-5.9	100.2	-0.7
1976	NBA	Brooklyn Nets	22	60	0.268	-6.54	103.7	-2.8	92.2	-7.3	98.7	-0.8
2018	NBA	Charlotte Hornets	35	39	0.473	-1.07	99	-1	111.1	0.9	111.9	1.7
2017	NBA	Charlotte Hornets	36	46	0.439	0.07	98.4	1.1	109.4	0.8	109.1	0.5
2016	NBA	Charlotte Hornets	36	46	0.439	-0.07	95.7	-0.7	108.8	0	108.6	-0.2
2015	NBA	Charlotte Hornets	48	34	0.585	2.36	95.7	-0.1	107.1	0.7	104.3	-2.1
2014	NBA	Charlotte Hornets	33	49	0.402	-3.44	93	-0.9	100.1	-5.5	103.5	-2.1
2013	NBA	Charlotte Hornets	43	39	0.524	-0.89	92.4	-1.5	103.6	-3.1	103.8	-2.9
2012	NBA	Charlotte Hornets	21	61	0.256	-9.29	91.5	-0.5	101.5	-4.4	111.5	5.6
2011	NBA	Charlotte Hornets	7	59	0.106	-13.96	91.1	-0.2	95.2	-9.4	110.4	5.8
2010	NBA	Charlotte Hornets	34	48	0.415	-4.08	89.6	-2.5	103.4	-3.9	107.8	0.5
2009	NBA	Charlotte Hornets	44	38	0.537	1.3	90.4	-2.3	104.4	-3.2	102.8	-4.8
2008	NBA	Charlotte Hornets	35	47	0.427	-1.2	88.3	-3.4	104.7	-3.6	106.1	-2.2
2007	NBA	Charlotte Hornets	32	50	0.39	-4.49	91.8	-0.6	104.6	-2.9	109.4	1.9
2006	NBA	Charlotte Hornets	33	49	0.402	-3.97	92	0.1	103.6	-2.9	107.6	1.1
2005	NBA	Charlotte Hornets	26	56	0.317	-3.9	93.4	2.9	102.5	-3.7	106.7	0.5
2004	NBA	Charlotte Hornets	18	64	0.22	-6.15	92.3	1.4	101.1	-5	107.5	1.4
2001	NBA	Charlotte Hornets	44	38	0.537	0.57	89.7	-1	104.3	-0.2	103.3	-1.2
2000	NBA	Charlotte Hornets	46	36	0.561	1.45	89.4	-1.9	101.8	-1.2	99.5	-3.5
1999	NBA	Charlotte Hornets	49	33	0.598	2.33	93.9	0.8	104.3	0.2	101.4	-2.7
1998	NBA	Charlotte Hornets	26	24	0.52	0.63	89.7	0.8	102.3	0.1	102.4	0.2
1997	NBA	Charlotte Hornets	51	31	0.622	2.45	89.4	-0.9	107.5	2.5	105.3	0.3
1996	NBA	Charlotte Hornets	54	28	0.659	2.13	88.6	-1.5	110.9	4.2	108.9	2.2
1995	NBA	Charlotte Hornets	41	41	0.5	-0.48	91.6	-0.2	111.2	3.6	111.8	4.2
1994	NBA	Charlotte Hornets	50	32	0.61	2.87	91.2	-1.7	109.6	1.3	106.1	-2.2
1993	NBA	Charlotte Hornets	41	41	0.5	-0.23	97.5	2.4	108.4	2.1	108.6	2.3
1992	NBA	Charlotte Hornets	44	38	0.537	-0.02	100.2	3.4	109.5	1.5	109.7	1.7
1991	NBA	Charlotte Hornets	31	51	0.378	-3.57	101.7	5.1	107.1	-1.1	110.9	2.7
1990	NBA	Charlotte Hornets	26	56	0.317	-4.95	97.3	-0.5	105	-2.9	110.4	2.5
1989	NBA	Charlotte Hornets	19	63	0.232	-7	98.1	-0.2	102	-6.1	109.9	1.8
1988	NBA	Charlotte Hornets	20	62	0.244	-7.74	100.3	-0.3	103.7	-4.1	112.1	4.3
2018	NBA	Chicago Bulls	21	55	0.276	-7.82	99	-1	105	-5.2	113	2.8
2017	NBA	Chicago Bulls	27	55	0.329	-6.84	98.3	1	103.8	-4.8	110.9	2.3
2016	NBA	Chicago Bulls	41	41	0.5	0.03	95.3	-1.1	107.4	-1.4	107	-1.8
2015	NBA	Chicago Bulls	42	40	0.512	-1.46	95.7	-0.1	105	-1.4	106.5	0.1
2014	NBA	Chicago Bulls	50	32	0.61	2.54	92.8	-1.1	107.5	1.9	104.3	-1.3
2013	NBA	Chicago Bulls	48	34	0.585	1.2	90.2	-3.7	102.5	-4.2	100.5	-6.2
2012	NBA	Chicago Bulls	45	37	0.549	-0.02	89.3	-2.7	103.5	-2.4	103.2	-2.7
2011	NBA	Chicago Bulls	50	16	0.758	7.43	89.1	-2.2	107.4	2.8	98.3	-6.3
2010	NBA	Chicago Bulls	62	20	0.756	6.53	90.4	-1.7	108.3	1	100.3	-7
2009	NBA	Chicago Bulls	41	41	0.5	-1.64	93.1	0.4	103.5	-4.1	105.3	-2.3
2008	NBA	Chicago Bulls	41	41	0.5	-0.16	93.1	1.4	108.4	0.1	108.7	0.4
2007	NBA	Chicago Bulls	33	49	0.402	-3.19	93	0.6	103.9	-3.6	107.2	-0.3
2006	NBA	Chicago Bulls	49	33	0.598	4.52	93.6	1.7	104.9	-1.6	99.6	-6.9
2005	NBA	Chicago Bulls	41	41	0.5	0.51	92.9	2.4	104	-2.2	103.4	-2.8
2004	NBA	Chicago Bulls	47	35	0.573	0.65	92.4	1.5	101.4	-4.7	100.3	-5.8
2003	NBA	Chicago Bulls	23	59	0.28	-6.69	92.2	2.1	96.6	-6.3	103.4	0.5
2002	NBA	Chicago Bulls	30	52	0.366	-5.31	93.5	2.5	100.2	-3.4	105.6	2
2001	NBA	Chicago Bulls	21	61	0.256	-8.52	90.5	-0.2	98.2	-6.3	107.6	3.1
2000	NBA	Chicago Bulls	15	67	0.183	-9.09	89.3	-2	97.2	-5.8	107.3	4.3
1999	NBA	Chicago Bulls	17	65	0.207	-9.23	89.4	-3.7	94.2	-9.9	104.6	0.5
1998	NBA	Chicago Bulls	13	37	0.26	-8.58	88.1	-0.8	92.4	-9.8	103	0.8
1997	NBA	Chicago Bulls	62	20	0.756	7.24	89	-1.3	107.7	2.7	99.8	-5.2
1996	NBA	Chicago Bulls	69	13	0.841	10.7	90	-0.1	114.4	7.7	102.4	-4.3
1995	NBA	Chicago Bulls	72	10	0.878	11.8	91.1	-0.7	115.2	7.6	101.8	-5.8
1994	NBA	Chicago Bulls	47	35	0.573	4.32	92	-0.9	109.5	1.2	104.3	-4
1993	NBA	Chicago Bulls	55	27	0.671	2.87	91.9	-3.2	106.1	-0.2	102.7	-3.6
1992	NBA	Chicago Bulls	57	25	0.695	6.19	92.5	-4.3	112.9	4.9	106.1	-1.9
1991	NBA	Chicago Bulls	67	15	0.817	10.07	94.4	-2.2	115.5	7.3	104.5	-3.7
1990	NBA	Chicago Bulls	61	21	0.744	8.57	95.6	-2.2	114.6	6.7	105.2	-2.7
1989	NBA	Chicago Bulls	55	27	0.671	2.74	96.7	-1.6	112.3	4.2	109	0.9
1988	NBA	Chicago Bulls	47	35	0.573	2.13	97	-3.6	109.1	1.3	107.7	-0.1
1987	NBA	Chicago Bulls	50	32	0.61	3.76	95.5	-4.1	109	1	105.5	-2.5
1986	NBA	Chicago Bulls	40	42	0.488	1.26	95.8	-5	108.6	0.3	107.6	-0.7
1985	NBA	Chicago Bulls	30	52	0.366	-3.12	99.7	-2.4	108.6	1.4	112.4	5.2
1984	NBA	Chicago Bulls	38	44	0.463	-0.5	99.4	-2.7	108.7	0.8	109.6	1.7
1983	NBA	Chicago Bulls	27	55	0.329	-4.69	99.8	-1.6	102.4	-5.2	107.5	-0.1
1982	NBA	Chicago Bulls	28	54	0.341	-4.41	106.1	3	103.4	-1.3	108	3.3
1981	NBA	Chicago Bulls	34	48	0.415	-1.57	99	-1.9	106.6	-0.3	108.6	1.7
1980	NBA	Chicago Bulls	45	37	0.549	2.34	100.6	-1.2	107.8	2.3	105.8	0.3
1979	NBA	Chicago Bulls	30	52	0.366	-2.63	101.8	-1.3	104.3	-1	107	1.7
1978	NBA	Chicago Bulls	31	51	0.378	-3.78	102.9	-2.9	101.3	-2.5	105.1	1.3
1977	NBA	Chicago Bulls	40	42	0.488	-0.79	101.5	-5.2	102	1.1	102.9	2
1976	NBA	Chicago Bulls	44	38	0.537	0.92	100	-6.5	98.3	-1.2	97.4	-2.1
1975	NBA	Chicago Bulls	24	58	0.293	-2.89	100.3	-5.2	95.2	-3.1	98	-0.3
1974	NBA	Chicago Bulls	47	35	0.573	2.88	99.7	-4.8	97.4	-0.3	94.4	-3.3
1973	NBA	Chicago Bulls	54	28	0.659	3.2	105	-2.8	96.7	-1	93.6	-4.1
2018	NBA	Cleveland Cavaliers	19	56	0.253	-8.83	96.6	-3.4	107.6	-2.6	116.9	6.7
2017	NBA	Cleveland Cavaliers	50	32	0.61	0.59	98	0.7	112.9	4.3	111.9	3.3
2016	NBA	Cleveland Cavaliers	51	31	0.622	2.87	96.2	-0.2	113.6	4.8	110.3	1.5
2015	NBA	Cleveland Cavaliers	57	25	0.695	5.45	93.3	-2.5	110.9	4.5	104.5	-1.9
2014	NBA	Cleveland Cavaliers	53	29	0.646	4.08	92.3	-1.6	111.1	5.5	106.3	0.7
2013	NBA	Cleveland Cavaliers	33	49	0.402	-3.86	93.1	-0.8	104.2	-2.5	107.7	1
2012	NBA	Cleveland Cavaliers	24	58	0.293	-4.87	92.3	0.3	104.3	-1.6	109.4	3.5
2011	NBA	Cleveland Cavaliers	21	45	0.318	-7.34	91.3	0	101.1	-3.5	108.9	4.3
2010	NBA	Cleveland Cavaliers	19	63	0.232	-8.88	93	0.9	102.2	-5.1	111.8	4.5
2009	NBA	Cleveland Cavaliers	61	21	0.744	6.17	91.4	-1.3	111.2	3.6	104.1	-3.5
2008	NBA	Cleveland Cavaliers	66	16	0.805	8.68	88.7	-3	112.4	4.1	102.4	-5.9
2007	NBA	Cleveland Cavaliers	45	37	0.549	-0.53	90.2	-2.2	106	-1.5	106.4	-1.1
2006	NBA	Cleveland Cavaliers	50	32	0.61	3.33	90.8	-1.1	105.5	-1	101.3	-5.2
2005	NBA	Cleveland Cavaliers	50	32	0.61	2.17	89.8	-0.7	107.8	1.6	105.4	-0.8
2004	NBA	Cleveland Cavaliers	42	40	0.512	0.27	89.7	-1.2	106.6	0.5	105.7	-0.4
2003	NBA	Cleveland Cavaliers	35	47	0.427	-3.07	90.8	0.7	101.4	-1.5	104.2	1.3
2002	NBA	Cleveland Cavaliers	17	65	0.207	-9.59	94	3	96.5	-7.1	106.7	3.1
2001	NBA	Cleveland Cavaliers	29	53	0.354	-3.52	90.3	-0.4	104.6	0.1	108.2	3.7
2000	NBA	Cleveland Cavaliers	30	52	0.366	-4.48	91.2	-0.1	100.3	-2.7	104.9	1.9
1999	NBA	Cleveland Cavaliers	32	50	0.39	-3.64	95.7	2.6	100.4	-3.7	104	-0.1
1998	NBA	Cleveland Cavaliers	22	28	0.44	-0.94	86.4	-2.5	99.6	-2.6	101.6	-0.6
1997	NBA	Cleveland Cavaliers	47	35	0.573	3.06	89.9	-0.4	102.2	-2.8	99.1	-5.9
1996	NBA	Cleveland Cavaliers	42	40	0.512	2.32	82.9	-7.2	104.6	-2.1	102.4	-4.3
1995	NBA	Cleveland Cavaliers	47	35	0.573	2.49	82.3	-9.5	109.9	2.3	106.7	-0.9
1994	NBA	Cleveland Cavaliers	43	39	0.524	0.55	84.8	-8.1	105.3	-3	104.6	-3.7
1993	NBA	Cleveland Cavaliers	47	35	0.573	3.64	91.7	-3.4	109.4	3.1	105.1	-1.2
1992	NBA	Cleveland Cavaliers	54	28	0.659	6.3	94.8	-2	112.7	4.7	106	-2
1991	NBA	Cleveland Cavaliers	57	25	0.695	5.34	95	-1.6	113.9	5.7	108.2	0
1990	NBA	Cleveland Cavaliers	33	49	0.402	-2.33	95.1	-2.7	106.1	-1.8	108.7	0.8
1989	NBA	Cleveland Cavaliers	42	40	0.512	-0.62	95	-3.3	106.9	-1.2	107.2	-0.9
1988	NBA	Cleveland Cavaliers	57	25	0.695	7.95	98	-2.6	110.6	2.8	102.9	-4.9
1987	NBA	Cleveland Cavaliers	42	40	0.512	1.28	97.3	-2.3	106.8	-1.2	106	-2
1986	NBA	Cleveland Cavaliers	31	51	0.378	-3.19	101.3	0.5	102.6	-5.7	106.4	-1.9
1985	NBA	Cleveland Cavaliers	29	53	0.354	-2.19	101.6	-0.5	105.5	-1.7	108.3	1.1
1984	NBA	Cleveland Cavaliers	36	46	0.439	-2.27	101.9	-0.2	106	-1.9	108.7	0.8
1983	NBA	Cleveland Cavaliers	28	54	0.341	-3.71	97.4	-4	104.1	-3.5	108.5	0.9
1982	NBA	Cleveland Cavaliers	23	59	0.28	-6.78	97.6	-5.5	99.2	-5.5	106.8	2.1
1981	NBA	Cleveland Cavaliers	15	67	0.183	-7.77	99.3	-1.6	103.3	-3.6	111.8	4.9
1980	NBA	Cleveland Cavaliers	28	54	0.341	-4.15	100.8	-1	104.3	-1.2	109.1	3.6
1979	NBA	Cleveland Cavaliers	37	45	0.451	0.43	105.6	2.5	106.7	1.4	106.4	1.1
1978	NBA	Cleveland Cavaliers	30	52	0.366	-3.57	102.7	-3.1	103.7	-0.1	107.3	3.5
1977	NBA	Cleveland Cavaliers	43	39	0.524	0.44	103.5	-3.2	99.9	-1	99.4	-1.5
1976	NBA	Cleveland Cavaliers	43	39	0.524	1.08	101.5	-5	100	0.5	98.9	-0.6
1975	NBA	Cleveland Cavaliers	49	33	0.598	2.34	101.6	-3.9	99.5	1.2	97	-1.3
1974	NBA	Cleveland Cavaliers	40	42	0.488	-0.31	100.4	-4.1	97.6	-0.1	98	0.3
1973	NBA	Cleveland Cavaliers	29	53	0.354	-4.16	104.1	-3.7	96	-1.7	100.1	2.4
2018	NBA	Dallas Mavericks	29	45	0.392	-1	98.8	-1.2	109.4	-0.8	110.9	0.7
2017	NBA	Dallas Mavericks	24	58	0.293	-2.7	95.6	-1.7	106.3	-2.3	109.5	0.9
2016	NBA	Dallas Mavericks	33	49	0.402	-2.53	92.2	-4.2	105.6	-3.2	108.8	0
2015	NBA	Dallas Mavericks	42	40	0.512	-0.02	94.3	-1.5	106.7	0.3	107	0.6
2014	NBA	Dallas Mavericks	50	32	0.61	3.36	95.2	1.3	109.5	3.9	106.4	0.8
2013	NBA	Dallas Mavericks	49	33	0.598	2.91	93.5	-0.4	111.2	4.5	108.7	2
2012	NBA	Dallas Mavericks	41	41	0.5	-0.24	94.1	2.1	105.9	0	106.5	0.6
2011	NBA	Dallas Mavericks	36	30	0.545	1.78	91.4	0.1	103.3	-1.3	102.3	-2.3
2010	NBA	Dallas Mavericks	57	25	0.695	4.41	91.3	-0.8	109.7	2.4	105	-2.3
2009	NBA	Dallas Mavericks	55	27	0.671	2.66	92.5	-0.2	109.2	1.6	106.3	-1.3
2008	NBA	Dallas Mavericks	50	32	0.61	1.68	91.5	-0.2	110.5	2.2	108.4	0.1
2007	NBA	Dallas Mavericks	51	31	0.622	4.7	90.2	-2.2	111.1	3.6	106.1	-1.4
2006	NBA	Dallas Mavericks	67	15	0.817	7.28	89.5	-2.4	111.3	4.8	103.2	-3.3
2005	NBA	Dallas Mavericks	60	22	0.732	5.96	87.8	-2.7	111.8	5.6	105	-1.2
2004	NBA	Dallas Mavericks	58	24	0.707	5.86	92.7	1.8	110.3	4.2	104.1	-2
2003	NBA	Dallas Mavericks	52	30	0.634	4.86	93.2	3.1	112.1	9.2	107.4	4.5
2002	NBA	Dallas Mavericks	60	22	0.732	7.9	92.5	1.5	110.7	7.1	102.3	-1.3
2001	NBA	Dallas Mavericks	57	25	0.695	4.41	92.8	2.1	112.2	7.7	107.7	3.2
2000	NBA	Dallas Mavericks	53	29	0.646	4.61	93.2	1.9	107.1	4.1	102.6	-0.4
1999	NBA	Dallas Mavericks	40	42	0.488	-0.29	94.9	1.8	106.6	2.5	107.2	3.1
1998	NBA	Dallas Mavericks	19	31	0.38	-2.5	89	0.1	102.3	0.1	104.9	2.7
1997	NBA	Dallas Mavericks	20	62	0.244	-6.33	89.9	-0.4	100.5	-4.5	107.2	2.2
1996	NBA	Dallas Mavericks	24	58	0.293	-6.47	89	-1.1	101.1	-5.6	108.2	1.5
1995	NBA	Dallas Mavericks	26	56	0.317	-4.71	95.4	3.6	106.1	-1.5	111.2	3.6
1994	NBA	Dallas Mavericks	36	46	0.439	-2.39	94.7	1.8	107.6	-0.7	110.6	2.3
1993	NBA	Dallas Mavericks	13	69	0.159	-8.19	94.5	-0.6	100.4	-5.9	109.6	3.3
1992	NBA	Dallas Mavericks	11	71	0.134	-14.68	99.5	2.7	99.5	-8.5	114.7	6.7
1991	NBA	Dallas Mavericks	22	60	0.268	-7.47	94.4	-2.2	103	-5.2	111.1	2.9
1990	NBA	Dallas Mavericks	28	54	0.341	-4.27	94.2	-3.6	105.5	-2.4	110.3	2.4
1989	NBA	Dallas Mavericks	47	35	0.573	0.42	94.5	-3.8	107.2	-0.9	107.2	-0.9
1988	NBA	Dallas Mavericks	38	44	0.463	-1.79	95.9	-4.7	107.4	-0.4	108.6	0.8
1987	NBA	Dallas Mavericks	53	29	0.646	3.59	97	-2.6	112.2	4.2	107.7	-0.3
1986	NBA	Dallas Mavericks	55	27	0.671	5.54	100.5	-0.3	114.9	6.6	108.7	0.4
1985	NBA	Dallas Mavericks	44	38	0.537	0.7	102.2	0.1	112.1	4.9	111	3.8
1984	NBA	Dallas Mavericks	44	38	0.537	1.8	98.8	-3.3	111.5	3.6	109.3	1.4
1983	NBA	Dallas Mavericks	43	39	0.524	0.15	99	-2.4	110	2.4	109.6	2
1982	NBA	Dallas Mavericks	38	44	0.463	-0.7	102.8	-0.3	109.4	4.7	109.8	5.1
1981	NBA	Dallas Mavericks	28	54	0.341	-4.48	98.5	-2.4	105.9	-1	110.4	3.5
1980	NBA	Dallas Mavericks	15	67	0.183	-8.33	98.6	-3.2	102.4	-3.1	110.8	5.3
2018	NBA	Denver Nuggets	50	23	0.685	4.5	97.8	-2.2	113.6	3.4	108.9	-1.3
2017	NBA	Denver Nuggets	46	36	0.561	1.57	96.8	-0.5	112.5	3.9	111	2.4
2016	NBA	Denver Nuggets	40	42	0.488	0.7	98.3	1.9	113.2	4.4	112.7	3.9
2015	NBA	Denver Nuggets	33	49	0.402	-2.81	95.7	-0.1	105.6	-0.8	108.9	2.5
2014	NBA	Denver Nuggets	30	52	0.366	-3.07	96.1	2.2	104.5	-1.1	108.2	2.6
2013	NBA	Denver Nuggets	36	46	0.439	-1.4	98.1	4.2	106	-0.7	108.2	1.5
2012	NBA	Denver Nuggets	57	25	0.695	5.37	95.1	3.1	110.4	4.5	105.1	-0.8
2011	NBA	Denver Nuggets	38	28	0.576	3.16	94.2	2.9	109.2	4.6	106.2	1.6
2010	NBA	Denver Nuggets	50	32	0.61	4.81	95.6	3.5	112.3	5	107.3	0
2009	NBA	Denver Nuggets	53	29	0.646	4.15	94.8	2.1	111.8	4.2	107.5	-0.1
2008	NBA	Denver Nuggets	54	28	0.659	3.13	94.3	2.6	110.4	2.1	106.8	-1.5
2007	NBA	Denver Nuggets	50	32	0.61	3.74	99.7	7.3	110	2.5	106.3	-1.2
2006	NBA	Denver Nuggets	45	37	0.549	1.69	97.4	5.5	107.6	1.1	105.9	-0.6
2005	NBA	Denver Nuggets	44	38	0.537	0.36	93.9	3.4	105.5	-0.7	105.2	-1
2004	NBA	Denver Nuggets	49	33	0.598	2.23	93.5	2.6	106	-0.1	103.9	-2.2
2003	NBA	Denver Nuggets	43	39	0.524	1.65	93.3	3.2	103.9	1	102.7	-0.2
2002	NBA	Denver Nuggets	17	65	0.207	-7.41	91	0	92.2	-11.4	101.3	-2.3
2001	NBA	Denver Nuggets	27	55	0.329	-5.19	90.4	-0.3	101.4	-3.1	107.8	3.3
2000	NBA	Denver Nuggets	40	42	0.488	-1.83	92.6	1.3	103.7	0.7	106.3	3.3
1999	NBA	Denver Nuggets	35	47	0.427	-1.76	94.7	1.6	103.5	-0.6	105.8	1.7
1998	NBA	Denver Nuggets	14	36	0.28	-6.67	90.5	1.6	103.1	0.9	110.4	8.2
1997	NBA	Denver Nuggets	11	71	0.134	-11.74	89.7	-0.6	99	-6	112.1	7.1
1996	NBA	Denver Nuggets	21	61	0.256	-6.4	92.4	2.3	104.5	-2.2	111.2	4.5
1995	NBA	Denver Nuggets	35	47	0.427	-2.62	92.2	0.4	105.2	-2.4	108.1	0.5
1994	NBA	Denver Nuggets	41	41	0.5	0.96	91.5	-1.4	109.1	0.8	108.2	-0.1
1993	NBA	Denver Nuggets	42	40	0.512	1.54	96.1	1	103.9	-2.4	102.3	-4
1992	NBA	Denver Nuggets	36	46	0.439	-2.14	99.8	3	104.6	-3.4	106.3	-1.7
1991	NBA	Denver Nuggets	24	58	0.293	-7.59	98.6	2	100.7	-7.5	108.6	0.4
1990	NBA	Denver Nuggets	20	62	0.244	-10.31	113.7	15.9	105.2	-2.7	114.7	6.8
1989	NBA	Denver Nuggets	43	39	0.524	1.56	105.4	7.1	108	-0.1	106.7	-1.4
1988	NBA	Denver Nuggets	44	38	0.537	0.91	107.5	6.9	108.6	0.8	107.1	-0.7
1987	NBA	Denver Nuggets	54	28	0.659	3.32	105.5	5.9	110.1	2.1	106.3	-1.7
1986	NBA	Denver Nuggets	37	45	0.451	-1.14	106.2	5.4	109.3	1	110.2	1.9
1985	NBA	Denver Nuggets	47	35	0.573	0.89	106.7	4.6	107.1	-0.1	105.9	-1.3
1984	NBA	Denver Nuggets	52	30	0.634	2.05	107.6	5.5	110.7	2.8	108.4	0.5
1983	NBA	Denver Nuggets	38	44	0.463	-1.27	110.5	9.1	111.3	3.7	112.3	4.7
1982	NBA	Denver Nuggets	45	37	0.549	0.27	112.1	9	109.7	5	109.1	4.4
1981	NBA	Denver Nuggets	46	36	0.561	0.13	109.8	8.9	114.3	7.4	113.9	7
1980	NBA	Denver Nuggets	37	45	0.451	-0.95	109.8	8	109.4	3.9	109.8	4.3
1979	NBA	Denver Nuggets	30	52	0.366	-4.22	103.9	0.8	103.4	-1.9	107.6	2.3
1978	NBA	Denver Nuggets	47	35	0.573	1.24	105.9	0.1	104.4	0.6	103.2	-0.6
1977	NBA	Denver Nuggets	48	34	0.585	0.8	108.5	1.8	102.3	1.4	101.5	0.6
1976	NBA	Denver Nuggets	50	32	0.61	4.95	111.2	4.7	100.7	1.2	96.1	-3.4
2018	NBA	Detroit Pistons	37	37	0.5	-0.64	97.5	-2.5	109.2	-1	109.5	-0.7
2017	NBA	Detroit Pistons	39	43	0.476	-0.26	96.2	-1.1	107.2	-1.4	107.3	-1.3
2016	NBA	Detroit Pistons	37	45	0.451	-1.29	95	-1.4	106	-2.8	107.1	-1.7
2015	NBA	Detroit Pistons	44	38	0.537	0.43	95.1	-0.7	106.1	-0.3	105.5	-0.9
2014	NBA	Detroit Pistons	32	50	0.39	-1.39	92.8	-1.1	105.3	-0.3	106.4	0.8
2013	NBA	Detroit Pistons	29	53	0.354	-4.13	94.9	1	105.9	-0.8	109.7	3
2012	NBA	Detroit Pistons	29	53	0.354	-4.33	90.8	-1.2	103.8	-2.1	108.1	2.2
2011	NBA	Detroit Pistons	25	41	0.379	-5.19	89.2	-2.1	101	-3.6	106.3	1.7
2010	NBA	Detroit Pistons	30	52	0.366	-3.78	89.2	-2.9	107.7	0.4	111.7	4.4
2009	NBA	Detroit Pistons	27	55	0.329	-5.02	88.5	-4.2	105.6	-2	111.4	3.8
2008	NBA	Detroit Pistons	39	43	0.476	-0.36	86.7	-5	107.4	-0.9	108	-0.3
2007	NBA	Detroit Pistons	59	23	0.72	6.67	87.3	-5.1	111.4	3.9	102.9	-4.6
2006	NBA	Detroit Pistons	53	29	0.646	3.69	87.3	-4.6	108.9	2.4	104.2	-2.3
2005	NBA	Detroit Pistons	64	18	0.78	6.24	86.8	-3.7	110.8	4.6	103.1	-3.1
2004	NBA	Detroit Pistons	54	28	0.659	3.31	87.2	-3.7	105.6	-0.5	101.2	-4.9
2003	NBA	Detroit Pistons	54	28	0.659	5.04	87.9	-2.2	102	-0.9	95.4	-7.5
2002	NBA	Detroit Pistons	50	32	0.61	2.97	86.8	-4.2	104.1	0.5	99.9	-3.7
2001	NBA	Detroit Pistons	50	32	0.61	1.69	90	-0.7	104.8	0.3	102.4	-2.1
2000	NBA	Detroit Pistons	32	50	0.39	-2.08	94.7	3.4	100	-3	101.8	-1.2
1999	NBA	Detroit Pistons	42	40	0.512	1.13	95.7	2.6	107.3	3.2	105.8	1.7
1998	NBA	Detroit Pistons	29	21	0.58	3.97	86.3	-2.6	104.2	2	100.3	-1.9
1997	NBA	Detroit Pistons	37	45	0.451	1.95	88.2	-2.1	105.3	0.3	103.5	-1.5
1996	NBA	Detroit Pistons	54	28	0.659	5.45	84.5	-5.6	110.6	3.9	104.4	-2.3
1995	NBA	Detroit Pistons	46	36	0.561	2.45	87.7	-4.1	107.9	0.3	105.1	-2.5
1994	NBA	Detroit Pistons	28	54	0.341	-7.08	93.2	0.3	105.1	-3.2	112.9	4.6
1993	NBA	Detroit Pistons	20	62	0.244	-7.46	94.2	-0.9	102.7	-3.6	110.9	4.6
1992	NBA	Detroit Pistons	40	42	0.488	-1.1	93.2	-3.6	107.4	-0.6	108.9	0.9
1991	NBA	Detroit Pistons	48	34	0.585	2.06	91.6	-5	107.5	-0.7	105.3	-2.9
1990	NBA	Detroit Pistons	50	32	0.61	3.08	91.9	-5.9	108.2	0.3	104.6	-3.3
1989	NBA	Detroit Pistons	59	23	0.72	5.41	94.4	-3.9	109.9	1.8	103.5	-4.6
1988	NBA	Detroit Pistons	63	19	0.768	6.24	95.5	-5.1	110.8	3	104.7	-3.1
1987	NBA	Detroit Pistons	54	28	0.659	5.46	98.3	-1.3	110.5	2.5	105.3	-2.7
1986	NBA	Detroit Pistons	52	30	0.634	3.51	101	0.2	109.2	0.9	105.8	-2.5
1985	NBA	Detroit Pistons	46	36	0.561	1.44	104.2	2.1	109	1.8	107.9	0.7
1984	NBA	Detroit Pistons	46	36	0.561	2.73	105	2.9	109.6	1.7	107.2	-0.7
1983	NBA	Detroit Pistons	49	33	0.598	3.52	103.8	2.4	111.5	3.9	108.1	0.5
1982	NBA	Detroit Pistons	37	45	0.451	-0.17	105.8	2.7	105.4	0.7	105.8	1.1
1981	NBA	Detroit Pistons	39	43	0.476	-0.63	104.3	3.4	105.8	-1.1	106.6	-0.3
1980	NBA	Detroit Pistons	21	61	0.256	-5.58	101.2	-0.6	98.1	-7.4	104.3	-1.2
1979	NBA	Detroit Pistons	16	66	0.195	-7.57	107.1	4	101.2	-4.1	108.8	3.5
1978	NBA	Detroit Pistons	30	52	0.366	-2.6	107.2	1.4	102.1	-1.7	104.6	0.8
1977	NBA	Detroit Pistons	38	44	0.463	-1.22	107.7	1	100.3	-0.6	101.5	0.6
1976	NBA	Detroit Pistons	44	38	0.537	-1	108.8	2.3	100.3	0.8	101.3	1.8
1975	NBA	Detroit Pistons	36	46	0.439	-1.18	105.2	-0.3	99.2	0.9	100.2	1.9
1974	NBA	Detroit Pistons	40	42	0.488	-1.19	100.5	-4	98.3	0.6	99.7	2
1973	NBA	Detroit Pistons	52	30	0.634	4.02	106.5	-1.3	97.6	-0.1	93.8	-3.9
2018	NBA	Golden State Warriors	51	23	0.689	5.82	100.7	0.7	115.8	5.6	110.1	-0.1
2017	NBA	Golden State Warriors	58	24	0.707	5.79	99.6	2.3	113.6	5	107.6	-1
2016	NBA	Golden State Warriors	67	15	0.817	11.35	99.8	3.4	115.6	6.8	104	-4.8
2015	NBA	Golden State Warriors	73	9	0.89	10.38	99.3	3.5	114.5	8.1	103.8	-2.6
2014	NBA	Golden State Warriors	67	15	0.817	10.01	98.3	4.4	111.6	6	101.4	-4.2
2013	NBA	Golden State Warriors	51	31	0.622	5.15	96.2	2.3	107.5	0.8	102.6	-4.1
2012	NBA	Golden State Warriors	47	35	0.573	1.32	94.5	2.5	106.4	0.5	105.5	-0.4
2011	NBA	Golden State Warriors	23	43	0.348	-2.79	92.3	1	105.4	0.8	109.1	4.5
2010	NBA	Golden State Warriors	36	46	0.439	-2	94.8	2.7	108.2	0.9	110.7	3.4
2009	NBA	Golden State Warriors	26	56	0.317	-3.28	100.4	7.7	108.1	0.5	111.7	4.1
2008	NBA	Golden State Warriors	29	53	0.354	-3.8	98.2	6.5	109.5	1.2	113.3	5
2007	NBA	Golden State Warriors	48	34	0.585	2.38	98.8	6.4	111.8	4.3	109.5	2
2006	NBA	Golden State Warriors	42	40	0.512	0	99.2	7.3	107	0.5	107.4	0.9
2005	NBA	Golden State Warriors	34	48	0.415	-1.11	93.3	2.8	104.8	-1.4	106.2	0
2004	NBA	Golden State Warriors	34	48	0.415	-1.74	93.3	2.4	104.7	-1.4	106.9	0.8
2003	NBA	Golden State Warriors	37	45	0.451	-0.07	89.8	-0.3	103	0.1	103.8	0.9
2002	NBA	Golden State Warriors	38	44	0.463	-0.6	94.2	3.2	108.3	4.7	109.5	5.9
2001	NBA	Golden State Warriors	21	61	0.256	-4.8	94.5	3.8	102.8	-1.7	108.5	4
2000	NBA	Golden State Warriors	17	65	0.207	-8.11	94.1	2.8	97.8	-5.2	107.4	4.4
1999	NBA	Golden State Warriors	19	63	0.232	-7.63	95.4	2.3	99.8	-4.3	108.4	4.3
1998	NBA	Golden State Warriors	21	29	0.42	-2.63	88.9	0	98.4	-3.8	101.1	-1.1
1997	NBA	Golden State Warriors	19	63	0.232	-9.2	91.4	1.1	95.8	-9.2	105.7	0.7
1996	NBA	Golden State Warriors	30	52	0.366	-4.9	91.9	1.8	107.2	0.5	112.2	5.5
1995	NBA	Golden State Warriors	36	46	0.439	-1.42	93.4	1.6	108.4	0.8	109.9	2.3
1994	NBA	Golden State Warriors	26	56	0.317	-4.9	97.9	5	106.7	-1.6	112.2	3.9
1993	NBA	Golden State Warriors	50	32	0.61	1.76	99.1	4	108.3	2	106.5	0.2
1992	NBA	Golden State Warriors	34	48	0.415	-0.94	99.5	2.7	109.2	1.2	110.2	2.2
1991	NBA	Golden State Warriors	55	27	0.671	3.77	103.4	6.8	113.6	5.4	109.9	1.7
1990	NBA	Golden State Warriors	44	38	0.537	1.72	103.6	5.8	111.9	4	110.3	2.4
1989	NBA	Golden State Warriors	37	45	0.451	-2.55	105.9	7.6	109.6	1.5	112.6	4.5
1988	NBA	Golden State Warriors	43	39	0.524	-0.59	107.3	6.7	107.4	-0.4	107.7	-0.1
1987	NBA	Golden State Warriors	20	62	0.244	-8.38	101.6	2	104.7	-3.3	112.9	4.9
1986	NBA	Golden State Warriors	42	40	0.512	-2.54	101.7	0.9	108.9	0.6	111.2	2.9
1985	NBA	Golden State Warriors	30	52	0.366	-3.59	104.2	2.1	108.3	1.1	111.6	4.4
1984	NBA	Golden State Warriors	22	60	0.268	-7.21	103.2	1.1	106	-1.9	113	5.1
1983	NBA	Golden State Warriors	37	45	0.451	-3.35	103.3	1.9	105.5	-2.1	108.8	1.2
1982	NBA	Golden State Warriors	30	52	0.366	-3.48	104	0.9	103.9	-0.8	107.4	2.7
1981	NBA	Golden State Warriors	45	37	0.549	0.8	101.4	0.5	108.8	1.9	107.7	0.8
1980	NBA	Golden State Warriors	39	43	0.476	-1.41	101	-0.8	108.5	3	109.7	4.2
1979	NBA	Golden State Warriors	24	58	0.293	-4.2	100.5	-2.6	102	-3.3	106.3	1
1978	NBA	Golden State Warriors	38	44	0.463	0.46	102.2	-3.6	102.4	-1.4	102	-1.8
1977	NBA	Golden State Warriors	43	39	0.524	0.41	106	-0.7	99.6	-1.3	99.3	-1.6
1976	NBA	Golden State Warriors	46	36	0.561	3.1	107.8	1.3	102.4	2.9	99.5	0
1975	NBA	Golden State Warriors	59	23	0.72	6.23	108.3	2.8	100.6	2.3	94.5	-3.8
1974	NBA	Golden State Warriors	48	34	0.585	2.86	107.6	3.1	100.4	2.7	97.3	-0.4
1973	NBA	Golden State Warriors	44	38	0.537	2.42	108.9	1.1	100.8	3.1	98.4	0.7
2018	NBA	Houston Rockets	47	28	0.627	3.54	97.7	-2.3	114.6	4.4	111.3	1.1
2017	NBA	Houston Rockets	65	17	0.793	8.21	97.6	0.3	114.7	6.1	106.1	-2.5
2016	NBA	Houston Rockets	55	27	0.671	5.84	100	3.6	114.7	5.9	109	0.2
2015	NBA	Houston Rockets	41	41	0.5	0.34	97.6	1.8	108.3	1.9	108.1	1.7
2014	NBA	Houston Rockets	56	26	0.683	3.82	96.5	2.6	107	1.4	103.4	-2.2
2013	NBA	Houston Rockets	54	28	0.659	5.06	96.3	2.4	111	4.3	106.3	-0.4
2012	NBA	Houston Rockets	45	37	0.549	3.69	96.1	4.1	109.7	3.8	106.1	0.2
2011	NBA	Houston Rockets	34	32	0.515	0.57	91.7	0.4	105.5	0.9	105.2	0.6
2010	NBA	Houston Rockets	43	39	0.524	2.37	94.2	2.1	111.3	4	109	1.7
2009	NBA	Houston Rockets	42	40	0.512	-0.02	94	1.3	107.6	0	108	0.4
2008	NBA	Houston Rockets	53	29	0.646	3.73	90.2	-1.5	108.4	0.1	104	-4.3
2007	NBA	Houston Rockets	55	27	0.671	4.83	90.4	-2	106.8	-0.7	101.6	-5.9
2006	NBA	Houston Rockets	52	30	0.634	5.04	90.7	-1.2	106	-0.5	100.7	-5.8
2005	NBA	Houston Rockets	34	48	0.415	-1.3	88	-2.5	101.6	-4.6	103.3	-2.9
2004	NBA	Houston Rockets	51	31	0.622	4.27	88.8	-2.1	106.2	0.1	101.7	-4.4
2003	NBA	Houston Rockets	45	37	0.549	2.28	87.8	-2.3	100.9	-2	99	-3.9
2002	NBA	Houston Rockets	43	39	0.524	1.89	88.8	-2.2	104.3	0.7	102.6	-1
2001	NBA	Houston Rockets	28	54	0.341	-4.31	88.2	-2.5	103.1	-1.4	108.6	4.1
2000	NBA	Houston Rockets	45	37	0.549	2.71	90.4	-0.9	106.7	3.7	104.2	1.2
1999	NBA	Houston Rockets	34	48	0.415	-0.57	94.2	1.1	104.8	0.7	105.7	1.6
1998	NBA	Houston Rockets	31	19	0.62	1.39	88.8	-0.1	105.4	3.2	102.9	0.7
1997	NBA	Houston Rockets	41	41	0.5	-1.23	91	0.7	107.7	2.7	108.6	3.6
1996	NBA	Houston Rockets	57	25	0.695	3.85	91.6	1.5	108.8	2.1	104	-2.7
1995	NBA	Houston Rockets	48	34	0.585	1.63	93.2	1.4	109.3	1.7	107.4	-0.2
1994	NBA	Houston Rockets	47	35	0.573	2.32	94.2	1.3	109.7	1.4	107.4	-0.9
1993	NBA	Houston Rockets	58	24	0.707	4.19	95	-0.1	105.9	-0.4	101.4	-4.9
1992	NBA	Houston Rockets	55	27	0.671	3.57	94.4	-2.4	109.6	1.6	105.2	-2.8
1991	NBA	Houston Rockets	42	40	0.512	-1.94	95.1	-1.5	106.2	-2	108	-0.2
1990	NBA	Houston Rockets	52	30	0.634	3.27	98.5	0.7	107.4	-0.5	103.9	-4
1989	NBA	Houston Rockets	41	41	0.5	1.71	101.2	2.9	104.8	-3.3	103.4	-4.7
1988	NBA	Houston Rockets	45	37	0.549	0.22	101.8	1.2	105.7	-2.1	104.8	-3
1987	NBA	Houston Rockets	46	36	0.561	0.82	101.8	2.2	107.1	-0.9	105.7	-2.3
1986	NBA	Houston Rockets	42	40	0.512	0.6	99.9	-0.9	106.5	-1.8	105.5	-2.8
1985	NBA	Houston Rockets	51	31	0.622	2.1	103.5	1.4	110.1	2.9	107.6	0.4
1984	NBA	Houston Rockets	48	34	0.585	1.38	102.2	0.1	107.9	0	106.3	-1.6
1983	NBA	Houston Rockets	29	53	0.354	-3.12	104.7	3.3	105.3	-2.3	108.2	0.6
1982	NBA	Houston Rockets	14	68	0.171	-11.12	102.2	-0.9	97	-7.7	108.3	3.6
1981	NBA	Houston Rockets	46	36	0.561	-0.39	97.2	-3.7	108.3	1.4	108.3	1.4
1980	NBA	Houston Rockets	40	42	0.488	-0.2	100.5	-1.3	107	1.5	106.7	1.2
1979	NBA	Houston Rockets	41	41	0.5	0.27	101.2	-1.9	108.1	2.8	108	2.7
1978	NBA	Houston Rockets	47	35	0.573	0.92	103.8	-2	108.7	4.9	107.7	3.9
1977	NBA	Houston Rockets	28	54	0.341	-3.83	101.3	-5.4	102.2	1.3	106.1	5.2
1976	NBA	Houston Rockets	49	33	0.598	1.44	101.3	-5.2	104.5	5	102.9	3.4
1975	NBA	Houston Rockets	40	42	0.488	-0.71	104.7	-0.8	101.1	2.8	101.8	3.5
1974	NBA	Houston Rockets	41	41	0.5	0.84	102.9	-1.6	100.4	2.7	99.4	1.7
1973	NBA	Houston Rockets	32	50	0.39	-0.34	106.1	-1.7	100.3	2.6	100.5	2.8
2018	NBA	Indiana Pacers	45	30	0.6	3.2	98.1	-1.9	109.7	-0.5	105.9	-4.3
2017	NBA	Indiana Pacers	48	34	0.585	1.18	96	-1.3	109.5	0.9	108.1	-0.5
2016	NBA	Indiana Pacers	42	40	0.512	-0.64	95.9	-0.5	108.6	-0.2	108.8	0
2015	NBA	Indiana Pacers	45	37	0.549	1.62	96.6	0.8	104.6	-1.8	102.9	-3.5
2014	NBA	Indiana Pacers	38	44	0.463	-0.23	93.2	-0.7	103.5	-2.1	103.2	-2.4
2013	NBA	Indiana Pacers	56	26	0.683	3.63	92.5	-1.4	104.1	-2.6	99.3	-7.4
2012	NBA	Indiana Pacers	49	32	0.605	3.34	90.2	-1.8	104.3	-1.6	99.8	-6.1
2011	NBA	Indiana Pacers	42	24	0.636	2.6	90.7	-0.6	106.7	2.1	103.1	-1.5
2010	NBA	Indiana Pacers	37	45	0.451	-1.38	94.7	2.6	104.8	-2.5	106	-1.3
2009	NBA	Indiana Pacers	32	50	0.39	-3.11	97.1	4.4	103.7	-3.9	106.8	-0.8
2008	NBA	Indiana Pacers	36	46	0.439	-0.76	96.5	4.8	108.1	-0.2	109.2	0.9
2007	NBA	Indiana Pacers	36	46	0.439	-1.87	97.7	5.3	106	-1.5	107.5	0
2006	NBA	Indiana Pacers	35	47	0.427	-2.62	92.4	0.5	102.9	-3.6	105.5	-1
2005	NBA	Indiana Pacers	41	41	0.5	1.62	89.7	-0.8	104.5	-1.7	102.4	-3.8
2004	NBA	Indiana Pacers	44	38	0.537	0.49	87.2	-3.7	105.5	-0.6	104.6	-1.5
2003	NBA	Indiana Pacers	61	21	0.744	4.93	87.5	-2.6	103.8	0.9	97.2	-5.7
2002	NBA	Indiana Pacers	48	34	0.585	2.79	91.6	0.6	104.6	1	100.8	-2.8
2001	NBA	Indiana Pacers	42	40	0.512	-0.07	91.9	1.2	104.1	-0.4	103.8	-0.7
2000	NBA	Indiana Pacers	41	41	0.5	-0.77	89.4	-1.9	102	-1	102.2	-0.8
1999	NBA	Indiana Pacers	56	26	0.683	4.15	93.1	0	108.5	4.4	103.6	-0.5
1998	NBA	Indiana Pacers	33	17	0.66	3.86	86.4	-2.5	108.7	6.5	104.4	2.2
1997	NBA	Indiana Pacers	58	24	0.707	6.25	87.9	-2.4	108.4	3.4	101.6	-3.4
1996	NBA	Indiana Pacers	39	43	0.476	1.49	89	-1.1	105.8	-0.9	104.7	-2
1995	NBA	Indiana Pacers	52	30	0.634	3.11	89.3	-2.5	110.8	3.2	107.2	-0.4
1994	NBA	Indiana Pacers	52	30	0.634	3.35	90	-2.9	109.6	1.3	105.6	-2.7
1993	NBA	Indiana Pacers	47	35	0.573	3.26	93.3	-1.8	107.8	1.5	104.2	-2.1
1992	NBA	Indiana Pacers	41	41	0.5	1.77	96	-0.8	111.9	3.9	110.1	2.1
1991	NBA	Indiana Pacers	40	42	0.488	1.85	99	2.4	111.7	3.5	109.9	1.7
1990	NBA	Indiana Pacers	41	41	0.5	-0.37	99.4	1.6	111.7	3.8	112.1	4.2
1989	NBA	Indiana Pacers	42	40	0.512	-0.18	97	-1.3	111.5	3.4	111.4	3.3
1988	NBA	Indiana Pacers	28	54	0.341	-3	99.2	-1.4	106.8	-1	111	3.2
1987	NBA	Indiana Pacers	38	44	0.463	-0.18	98	-1.6	106.6	-1.4	107.4	-0.6
1986	NBA	Indiana Pacers	41	41	0.5	-0.17	98.8	-2	106	-2.3	106.6	-1.7
1985	NBA	Indiana Pacers	26	56	0.317	-2.66	100.9	-1.2	102.6	-4.6	105.9	-1.3
1984	NBA	Indiana Pacers	22	60	0.268	-5.46	105.1	3	102.5	-5.4	108.4	0.5
1983	NBA	Indiana Pacers	26	56	0.317	-4.25	102.1	0.7	101.8	-5.8	106.5	-1.1
1982	NBA	Indiana Pacers	20	62	0.244	-5.36	103.9	0.8	103.8	-0.9	109.4	4.7
1981	NBA	Indiana Pacers	35	47	0.427	-1.49	98.7	-2.2	102.7	-4.2	104.6	-2.3
1980	NBA	Indiana Pacers	44	38	0.537	1.72	100.9	-0.9	106.4	0.9	105	-0.5
1979	NBA	Indiana Pacers	37	45	0.451	-0.54	104.4	1.3	105.5	0.2	106.2	0.9
1978	NBA	Indiana Pacers	38	44	0.463	-1.41	105.3	-0.5	103	-0.8	104.5	0.7
1977	NBA	Indiana Pacers	31	51	0.378	-2.37	108.2	1.5	99.6	-1.3	101.9	1
1976	NBA	Indiana Pacers	36	46	0.439	-1.68	107.1	0.6	99.3	-0.2	101	1.5
2018	NBA	Los Angeles Clippers	45	30	0.6	1.38	101.5	1.5	112.3	2.1	111.1	0.9
2017	NBA	Los Angeles Clippers	42	40	0.512	0.15	98.7	1.4	110.3	1.7	110.2	1.6
2016	NBA	Los Angeles Clippers	51	31	0.622	4.42	96.1	-0.3	112.7	3.9	108.2	-0.6
2015	NBA	Los Angeles Clippers	53	29	0.646	4.13	95.8	0	108.3	1.9	103.8	-2.6
2014	NBA	Los Angeles Clippers	56	26	0.683	6.8	94.7	0.8	112.4	6.8	105.5	-0.1
2013	NBA	Los Angeles Clippers	57	25	0.695	7.27	95.9	2	112.1	5.4	104.8	-1.9
2012	NBA	Los Angeles Clippers	56	26	0.683	6.43	91.1	-0.9	110.6	4.7	103.6	-2.3
2011	NBA	Los Angeles Clippers	40	26	0.606	2.82	89.2	-2.1	108.5	3.9	105.7	1.1
2010	NBA	Los Angeles Clippers	32	50	0.39	-2.71	92.8	0.7	105.3	-2	108.7	1.4
2009	NBA	Los Angeles Clippers	29	53	0.354	-6.01	92.6	-0.1	103.3	-4.3	110.1	2.5
2008	NBA	Los Angeles Clippers	19	63	0.232	-8.47	92.1	0.4	102.3	-6	111.7	3.4
2007	NBA	Los Angeles Clippers	23	59	0.28	-6.56	92.1	-0.3	101.2	-6.3	109.1	1.6
2006	NBA	Los Angeles Clippers	40	42	0.488	-0.07	90.8	-1.1	105.1	-1.4	105.6	-0.9
2005	NBA	Los Angeles Clippers	47	35	0.573	1.75	91.7	1.2	105.3	-0.9	103.6	-2.6
2004	NBA	Los Angeles Clippers	37	45	0.451	-0.47	89.1	-1.8	105.5	-0.6	106.4	0.3
2003	NBA	Los Angeles Clippers	28	54	0.341	-3.74	91	0.9	103.5	0.6	108.5	5.6
2002	NBA	Los Angeles Clippers	27	55	0.329	-3.45	91.3	0.3	102.3	-1.3	106.8	3.2
2001	NBA	Los Angeles Clippers	39	43	0.476	-0.09	90.1	-0.6	105.5	1	106	1.5
2000	NBA	Los Angeles Clippers	31	51	0.378	-2.23	89.6	-1.7	101.3	-1.7	104.5	1.5
1999	NBA	Los Angeles Clippers	15	67	0.183	-10.73	93.9	0.8	97.8	-6.3	110.1	6
1998	NBA	Los Angeles Clippers	9	41	0.18	-8.94	89.5	0.6	100	-2.2	109.7	7.5
1997	NBA	Los Angeles Clippers	17	65	0.207	-7.53	92.4	2.1	103.3	-1.7	111.2	6.2
1996	NBA	Los Angeles Clippers	36	46	0.439	-2.66	91.3	1.2	105.1	-1.6	107.6	0.9
1995	NBA	Los Angeles Clippers	29	53	0.354	-3.46	93.2	1.4	106.5	-1.1	110.3	2.7
1994	NBA	Los Angeles Clippers	17	65	0.207	-8.43	94.3	1.4	101.5	-6.8	111.1	2.8
1993	NBA	Los Angeles Clippers	27	55	0.329	-5.28	99.6	4.5	102.9	-3.4	108.6	2.3
1992	NBA	Los Angeles Clippers	41	41	0.5	0.33	99.1	2.3	107.4	-0.6	107.1	-0.9
1991	NBA	Los Angeles Clippers	45	37	0.549	1.1	96.5	-0.1	105.8	-2.4	104.7	-3.5
1990	NBA	Los Angeles Clippers	31	51	0.378	-3.16	99.9	2.1	103	-4.9	106.5	-1.4
1989	NBA	Los Angeles Clippers	30	52	0.366	-2.8	99.2	0.9	104	-4.1	107.4	-0.7
1988	NBA	Los Angeles Clippers	21	61	0.256	-9.5	104.4	3.8	100.8	-7	110.2	2.4
1987	NBA	Los Angeles Clippers	17	65	0.207	-10.24	100.8	1.2	97.4	-10.6	107.6	-0.4
1986	NBA	Los Angeles Clippers	12	70	0.146	-11	102.7	1.9	101.2	-7.1	112.3	4
1985	NBA	Los Angeles Clippers	32	50	0.39	-6.83	102.7	0.6	105.4	-1.8	112.1	4.9
1984	NBA	Los Angeles Clippers	31	51	0.378	-4.55	100.9	-1.2	105.8	-2.1	110.3	2.4
1983	NBA	Los Angeles Clippers	30	52	0.366	-3.21	101.1	-0.3	109.2	1.6	112.4	4.8
1982	NBA	Los Angeles Clippers	25	57	0.305	-4.61	103	-0.1	104.7	0	109.3	4.6
1981	NBA	Los Angeles Clippers	17	65	0.207	-7.05	101.4	0.5	106.6	-0.3	113.8	6.9
1980	NBA	Los Angeles Clippers	36	46	0.439	-1.78	100.2	-1.6	106	0.5	107.6	2.1
1979	NBA	Los Angeles Clippers	35	47	0.427	-3.97	101.4	-1.7	105.7	0.4	109.8	4.5
1978	NBA	Los Angeles Clippers	43	39	0.524	-1.76	106.3	0.5	106.2	2.4	107.9	4.1
1977	NBA	Los Angeles Clippers	27	55	0.329	-3.55	104.3	-2.4	100.3	-0.6	103.8	2.9
1976	NBA	Los Angeles Clippers	30	52	0.366	-4.28	107.3	0.8	97.6	-1.9	101.8	2.3
1975	NBA	Los Angeles Clippers	46	36	0.561	0.85	108.2	2.7	99	0.7	98.2	-0.1
1974	NBA	Los Angeles Clippers	49	33	0.598	2.16	107.7	3.2	99.8	2.1	97.8	0.1
1973	NBA	Los Angeles Clippers	42	40	0.512	-0.19	111.6	3.8	99.3	1.6	99.4	1.7
2018	NBA	Los Angeles Lakers	33	42	0.44	-1.88	103.2	3.2	107.6	-2.6	109.6	-0.6
2017	NBA	Los Angeles Lakers	35	47	0.427	-1.44	100.3	3	106.5	-2.1	108	-0.6
2016	NBA	Los Angeles Lakers	26	56	0.317	-6.29	98.5	2.1	106	-2.8	113	4.2
2015	NBA	Los Angeles Lakers	17	65	0.207	-8.92	95.6	-0.2	101.6	-4.8	111.6	5.2
2014	NBA	Los Angeles Lakers	21	61	0.256	-6.17	94	0.1	103.4	-2.2	110.6	5
2013	NBA	Los Angeles Lakers	27	55	0.329	-5.33	98.7	4.8	104.2	-2.5	110.6	3.9
2012	NBA	Los Angeles Lakers	45	37	0.549	1.48	94.4	2.4	107.8	1.9	106.6	0.7
2011	NBA	Los Angeles Lakers	41	25	0.621	1.96	90.5	-0.8	106	1.4	104.4	-0.2
2010	NBA	Los Angeles Lakers	57	25	0.695	6.01	90.7	-1.4	111	3.7	104.3	-3
2009	NBA	Los Angeles Lakers	57	25	0.695	4.78	92.8	0.1	108.8	1.2	103.7	-3.9
2008	NBA	Los Angeles Lakers	65	17	0.793	7.11	94.3	2.6	112.8	4.5	104.7	-3.6
2007	NBA	Los Angeles Lakers	57	25	0.695	7.34	95.6	3.2	113	5.5	105.5	-2
2006	NBA	Los Angeles Lakers	42	40	0.512	0.24	93.5	1.6	108.6	2.1	108.6	2.1
2005	NBA	Los Angeles Lakers	45	37	0.549	2.53	90.9	0.4	108.4	2.2	105.7	-0.5
2004	NBA	Los Angeles Lakers	34	48	0.415	-2.32	90.8	-0.1	108.1	2	111.4	5.3
2003	NBA	Los Angeles Lakers	56	26	0.683	4.35	92.3	2.2	105.5	2.6	101.3	-1.6
2002	NBA	Los Angeles Lakers	50	32	0.61	2.71	92.5	1.5	107.2	3.6	104.7	1.1
2001	NBA	Los Angeles Lakers	58	24	0.707	7.15	92.1	1.4	109.4	4.9	101.7	-2.8
2000	NBA	Los Angeles Lakers	56	26	0.683	3.74	91.7	0.4	108.4	5.4	104.8	1.8
1999	NBA	Los Angeles Lakers	67	15	0.817	8.41	93.3	0.2	107.3	3.2	98.2	-5.9
1998	NBA	Los Angeles Lakers	31	19	0.62	2.68	91.6	2.7	107.6	5.4	104.3	2.1
1997	NBA	Los Angeles Lakers	61	21	0.744	6.88	93.6	3.3	111.9	6.9	103.7	-1.3
1996	NBA	Los Angeles Lakers	56	26	0.683	3.66	91.1	1	108.3	1.6	103.7	-3
1995	NBA	Los Angeles Lakers	53	29	0.646	4.21	92.4	0.6	111.4	3.8	106.6	-1
1994	NBA	Los Angeles Lakers	48	34	0.585	-0.01	95.2	2.3	109.1	0.8	109.4	1.1
1993	NBA	Los Angeles Lakers	33	49	0.402	-3.93	95.5	0.4	104.8	-1.5	109.3	3
1992	NBA	Los Angeles Lakers	39	43	0.476	-1.2	96.2	-0.6	107.6	-0.4	108.9	0.9
1991	NBA	Los Angeles Lakers	43	39	0.524	-0.95	92.5	-4.1	107.7	-0.5	108.9	0.7
1990	NBA	Los Angeles Lakers	58	24	0.707	6.73	94.1	-3.7	112.1	4.2	105	-2.9
1989	NBA	Los Angeles Lakers	63	19	0.768	6.74	96.3	-2	114	5.9	107	-1.1
1988	NBA	Los Angeles Lakers	57	25	0.695	6.38	100.1	-0.5	113.8	6	106.7	-1.1
1987	NBA	Los Angeles Lakers	62	20	0.756	4.81	99.1	-0.5	113.1	5.1	107.3	-0.7
1986	NBA	Los Angeles Lakers	65	17	0.793	8.32	101.6	0.8	115.6	7.3	106.5	-1.8
1985	NBA	Los Angeles Lakers	62	20	0.756	6.84	102.7	0.6	113.3	6.1	105.8	-1.4
1984	NBA	Los Angeles Lakers	62	20	0.756	6.48	103.2	1.1	114.1	6.2	107	-0.9
1983	NBA	Los Angeles Lakers	54	28	0.659	3.32	103.7	2.3	110.9	3.3	107.3	-0.3
1982	NBA	Los Angeles Lakers	58	24	0.707	5.06	103.8	0.7	110.5	5.8	105.2	0.5
1981	NBA	Los Angeles Lakers	57	25	0.695	4.37	103.1	2.2	110.2	3.3	105.5	-1.4
1980	NBA	Los Angeles Lakers	54	28	0.659	3.27	102.7	0.9	107.6	2.1	103.9	-1.6
1979	NBA	Los Angeles Lakers	60	22	0.732	5.4	104.1	1	109.5	4.2	103.9	-1.4
1978	NBA	Los Angeles Lakers	47	35	0.573	2.95	105.9	0.1	106.1	2.3	103.2	-0.6
1977	NBA	Los Angeles Lakers	45	37	0.549	2.59	106.1	-0.6	103.3	2.4	100.8	-0.1
1976	NBA	Los Angeles Lakers	53	29	0.646	2.64	104.7	-1.8	101.4	1.9	98.9	-0.6
1975	NBA	Los Angeles Lakers	40	42	0.488	0.18	108	2.5	98.9	0.6	98.8	0.5
1974	NBA	Los Angeles Lakers	30	52	0.366	-3.94	106.4	1.9	96.1	-1.6	99.9	2.2
1973	NBA	Los Angeles Lakers	47	35	0.573	0.85	111.7	3.9	97.4	-0.3	96.6	-1.1
2018	NBA	Memphis Grizzlies	30	45	0.4	-2	96.4	-3.6	105.6	-4.6	108.2	-2
2017	NBA	Memphis Grizzlies	22	60	0.268	-5.81	94.9	-2.4	104.5	-4.1	111	2.4
2016	NBA	Memphis Grizzlies	43	39	0.524	0.96	92.3	-4.1	107.7	-1.1	107.1	-1.7
2015	NBA	Memphis Grizzlies	42	40	0.512	-2.14	93.3	-2.5	105.4	-1	107.8	1.4
2014	NBA	Memphis Grizzlies	55	27	0.671	3.62	92	-1.9	105.7	0.1	102.2	-3.4
2013	NBA	Memphis Grizzlies	50	32	0.61	2.18	89.9	-4	106.3	-0.4	104.6	-2.1
2012	NBA	Memphis Grizzlies	56	26	0.683	4.32	88.4	-3.6	104.9	-1	100.3	-5.6
2011	NBA	Memphis Grizzlies	41	25	0.621	2.43	90.8	-0.5	104	-0.6	101.8	-2.8
2010	NBA	Memphis Grizzlies	46	36	0.561	2.55	91.9	-0.2	107.6	0.3	105.1	-2.2
2009	NBA	Memphis Grizzlies	40	42	0.488	-1.39	93.6	0.9	108.3	0.7	109.9	2.3
2008	NBA	Memphis Grizzlies	24	58	0.293	-5.23	90.1	-1.6	103.5	-4.8	109.5	1.2
2007	NBA	Memphis Grizzlies	22	60	0.268	-5.76	95.3	2.9	105	-2.5	111.4	3.9
2006	NBA	Memphis Grizzlies	22	60	0.268	-4.44	93.6	1.7	106.9	0.4	112.3	5.8
2005	NBA	Memphis Grizzlies	49	33	0.598	3.74	86.3	-4.2	105.9	-0.3	101.6	-4.6
2004	NBA	Memphis Grizzlies	45	37	0.549	2.64	88.5	-2.4	105.5	-0.6	102.9	-3.2
2003	NBA	Memphis Grizzlies	50	32	0.61	2.95	91.4	1.3	104.8	1.9	102.2	-0.7
2002	NBA	Memphis Grizzlies	28	54	0.341	-2.6	92.7	1.7	103.9	0.3	107.3	3.7
2001	NBA	Memphis Grizzlies	23	59	0.28	-6.74	91.1	0.4	98.2	-6.3	106.3	1.8
2000	NBA	Memphis Grizzlies	23	59	0.28	-4.94	91.7	0.4	99.6	-3.4	105.8	2.8
1999	NBA	Memphis Grizzlies	22	60	0.268	-5.1	91	-2.1	102.3	-1.8	108.5	4.4
1998	NBA	Memphis Grizzlies	8	42	0.16	-8.94	89	0.1	98.4	-3.8	107.9	5.7
1997	NBA	Memphis Grizzlies	19	63	0.232	-7.47	92.1	1.8	104.1	-0.9	112	7
1996	NBA	Memphis Grizzlies	14	68	0.171	-10.17	88.4	-1.7	100.3	-6.4	111.8	5.1
1995	NBA	Memphis Grizzlies	15	67	0.183	-9.55	91	-0.8	97.6	-10	108.5	0.9
2018	NBA	Miami Heat	36	38	0.486	-0.43	98	-2	107.7	-2.5	107.9	-2.3
2017	NBA	Miami Heat	44	38	0.537	0.15	95.6	-1.7	106.8	-1.8	106.3	-2.3
2016	NBA	Miami Heat	41	41	0.5	0.77	95.2	-1.2	107.8	-1	106.7	-2.1
2015	NBA	Miami Heat	48	34	0.585	1.5	93.6	-2.2	106.1	-0.3	104.4	-2
2014	NBA	Miami Heat	37	45	0.451	-2.92	90.9	-3	103.9	-1.7	106.7	1.1
2013	NBA	Miami Heat	54	28	0.659	4.15	91.2	-2.7	110.9	4.2	105.8	-0.9
2012	NBA	Miami Heat	66	16	0.805	7.03	90.7	-1.3	112.3	6.4	103.7	-2.2
2011	NBA	Miami Heat	46	20	0.697	5.72	91.2	-0.1	106.6	2	100.2	-4.4
2010	NBA	Miami Heat	58	24	0.707	6.76	90.9	-1.2	111.7	4.4	103.5	-3.8
2009	NBA	Miami Heat	47	35	0.573	1.99	89.6	-3.1	106.6	-1	104.1	-3.5
2008	NBA	Miami Heat	43	39	0.524	0.49	89.9	-1.8	107.8	-0.5	107.6	-0.7
2007	NBA	Miami Heat	15	67	0.183	-8.53	90.2	-2.2	100.5	-7	110	2.5
2006	NBA	Miami Heat	44	38	0.537	-1.21	89.9	-2	104.3	-2.2	105.3	-1.2
2005	NBA	Miami Heat	52	30	0.634	3.59	91.6	1.1	108.7	2.5	104.5	-1.7
2004	NBA	Miami Heat	59	23	0.72	5.77	90.8	-0.1	110.2	4.1	103.1	-3
2003	NBA	Miami Heat	42	40	0.512	-0.13	88	-2.1	102.2	-0.7	101.7	-1.2
2002	NBA	Miami Heat	25	57	0.305	-5.13	87.8	-3.2	96.7	-6.9	102.4	-1.2
2001	NBA	Miami Heat	36	46	0.439	-1.84	87.4	-3.3	98.5	-6	100.2	-4.3
2000	NBA	Miami Heat	50	32	0.61	1.73	87.1	-4.2	101.1	-1.9	98.5	-4.5
1999	NBA	Miami Heat	52	30	0.634	2.75	89.7	-3.4	104.5	0.4	101	-3.1
1998	NBA	Miami Heat	33	17	0.66	5.11	84.8	-4.1	104.7	2.5	98.9	-3.3
1997	NBA	Miami Heat	55	27	0.671	5.09	87.9	-2.4	107.6	2.6	102	-3
1996	NBA	Miami Heat	61	21	0.744	5.56	88.2	-1.9	106.8	0.1	100.6	-6.1
1995	NBA	Miami Heat	42	40	0.512	1.46	91.1	-0.7	105.3	-2.3	103.8	-3.8
1994	NBA	Miami Heat	32	50	0.39	-1.85	92.9	0	108.2	-0.1	109.9	1.6
1993	NBA	Miami Heat	42	40	0.512	2.4	93.8	-1.3	109.5	3.2	106.7	0.4
1992	NBA	Miami Heat	36	46	0.439	-0.93	94.6	-2.2	107.7	-0.3	108.9	0.9
1991	NBA	Miami Heat	38	44	0.463	-3.94	97.7	1.1	106.7	-1.5	110.9	2.7
1990	NBA	Miami Heat	24	58	0.293	-5.91	99.3	1.5	102	-5.9	108.1	0.2
1989	NBA	Miami Heat	18	64	0.22	-9.59	101	2.7	99.3	-8.8	108.9	0.8
1988	NBA	Miami Heat	15	67	0.183	-11.13	99.1	-1.5	97.8	-10	109	1.2
2018	NBA	Milwaukee Bucks	56	19	0.747	8.68	102.9	2.9	113.7	3.5	104.5	-5.7
2017	NBA	Milwaukee Bucks	44	38	0.537	-0.45	96.2	-1.1	109.8	1.2	110.1	1.5
2016	NBA	Milwaukee Bucks	42	40	0.512	-0.45	94.5	-1.9	109.1	0.3	109.3	0.5
2015	NBA	Milwaukee Bucks	33	49	0.402	-3.98	94.2	-1.6	104.3	-2.1	108.7	2.3
2014	NBA	Milwaukee Bucks	41	41	0.5	-0.09	94.1	0.2	102.7	-2.9	102.2	-3.4
2013	NBA	Milwaukee Bucks	15	67	0.183	-8.41	91.8	-2.1	103	-3.7	111.8	5.1
2012	NBA	Milwaukee Bucks	38	44	0.463	-1.83	94.7	2.7	103.6	-2.3	105.2	-0.7
2011	NBA	Milwaukee Bucks	31	35	0.47	-0.23	93.7	2.4	105.5	0.9	105.2	0.6
2010	NBA	Milwaukee Bucks	35	47	0.427	-1.02	89.8	-2.3	101.6	-5.7	102.5	-4.8
2009	NBA	Milwaukee Bucks	46	36	0.561	1.37	91.7	-1	104.9	-2.7	103.1	-4.5
2008	NBA	Milwaukee Bucks	34	48	0.415	-0.88	92.6	0.9	106.7	-1.6	107.9	-0.4
2007	NBA	Milwaukee Bucks	26	56	0.317	-6.92	91.3	-1.1	105.3	-2.2	112.8	5.3
2006	NBA	Milwaukee Bucks	28	54	0.341	-4.43	92.3	0.4	107	0.5	111.7	5.2
2005	NBA	Milwaukee Bucks	40	42	0.488	-1.07	91.2	0.7	106.3	0.1	107.4	1.2
2004	NBA	Milwaukee Bucks	30	52	0.366	-3.09	90.8	-0.1	106.6	0.5	109.8	3.7
2003	NBA	Milwaukee Bucks	41	41	0.5	0.42	91.6	1.5	106.5	3.6	105.4	2.5
2002	NBA	Milwaukee Bucks	42	40	0.512	-0.24	90.4	-0.6	108.8	5.2	108.6	5
2001	NBA	Milwaukee Bucks	41	41	0.5	-0.62	90.2	-0.5	106.9	2.4	107.1	2.6
2000	NBA	Milwaukee Bucks	52	30	0.634	3.14	92.1	0.8	108.8	5.8	104.6	1.6
1999	NBA	Milwaukee Bucks	42	40	0.512	-0.06	92.7	-0.4	108.2	4.1	107.9	3.8
1998	NBA	Milwaukee Bucks	28	22	0.56	1.66	87	-1.9	104.9	2.7	103	0.8
1997	NBA	Milwaukee Bucks	36	46	0.439	-1.33	90.2	-0.1	103.5	-1.5	105.6	0.6
1996	NBA	Milwaukee Bucks	33	49	0.402	-1.38	89.5	-0.6	106.2	-0.5	108.3	1.6
1995	NBA	Milwaukee Bucks	25	57	0.305	-4.92	90.2	-1.6	105.6	-2	111.5	3.9
1994	NBA	Milwaukee Bucks	34	48	0.415	-4.3	92.7	-0.2	106.2	-2.1	110.9	2.6
1993	NBA	Milwaukee Bucks	20	62	0.244	-6.24	94.5	-0.6	102.5	-3.8	109.3	3
1992	NBA	Milwaukee Bucks	28	54	0.341	-3.26	96.1	-0.7	106.2	-1.8	110.1	2.1
1991	NBA	Milwaukee Bucks	31	51	0.378	-1.46	95.5	-1.1	108.8	0.6	110.6	2.4
1990	NBA	Milwaukee Bucks	48	34	0.585	2.33	96.1	-1.7	109.7	1.8	107.2	-0.7
1989	NBA	Milwaukee Bucks	44	38	0.537	-1.06	98	-0.3	107.3	-0.8	108.1	0
1988	NBA	Milwaukee Bucks	49	33	0.598	4.11	98.6	-2	110.1	2.3	106.4	-1.4
1987	NBA	Milwaukee Bucks	42	40	0.512	1.21	97.6	-2	108.2	0.2	107.6	-0.4
1986	NBA	Milwaukee Bucks	50	32	0.61	4.04	100.3	-0.5	109.5	1.2	105.6	-2.7
1985	NBA	Milwaukee Bucks	57	25	0.695	8.69	102.1	0	111.4	4.2	102.7	-4.5
1984	NBA	Milwaukee Bucks	59	23	0.72	6.69	99.7	-2.4	110.5	2.6	103.6	-4.3
1983	NBA	Milwaukee Bucks	50	32	0.61	4.04	96.9	-4.5	107.8	0.2	103.6	-4
1982	NBA	Milwaukee Bucks	51	31	0.622	4.32	100	-3.1	105.8	1.1	101.4	-3.3
1981	NBA	Milwaukee Bucks	55	27	0.671	5.38	100	-0.9	107.7	0.8	102.3	-4.6
1980	NBA	Milwaukee Bucks	60	22	0.732	7.14	103.6	1.8	108.7	3.2	101.8	-3.7
1979	NBA	Milwaukee Bucks	49	33	0.598	3.57	102.4	-0.7	106.8	1.5	102.9	-2.4
1978	NBA	Milwaukee Bucks	38	44	0.463	2.12	106.5	0.7	106	2.2	104	0.2
1977	NBA	Milwaukee Bucks	44	38	0.537	-0.59	108.7	2	101.8	0.9	102.4	1.5
1976	NBA	Milwaukee Bucks	30	52	0.366	-2.99	108.3	1.8	100	0.5	102.9	3.4
1975	NBA	Milwaukee Bucks	38	44	0.463	-1.55	103.9	-1.6	97.3	-1	98.7	0.4
1974	NBA	Milwaukee Bucks	38	44	0.463	0.25	102.1	-2.4	98	0.3	97.8	0.1
1973	NBA	Milwaukee Bucks	59	23	0.72	7.61	105.4	-2.4	101.2	3.5	93.6	-4.1
2018	NBA	Minnesota Timberwolves	33	41	0.446	-0.88	100.1	0.1	111.5	1.3	112.6	2.4
2017	NBA	Minnesota Timberwolves	47	35	0.573	2.35	96	-1.3	113.4	4.8	111.1	2.5
2016	NBA	Minnesota Timberwolves	31	51	0.378	-0.64	94.6	-1.8	110.8	2	112	3.2
2015	NBA	Minnesota Timberwolves	29	53	0.354	-3.38	95.2	-0.6	106.5	0.1	110.1	3.7
2014	NBA	Minnesota Timberwolves	16	66	0.195	-8	94.4	0.5	102.9	-2.7	112.2	6.6
2013	NBA	Minnesota Timberwolves	40	42	0.488	3.1	97.3	3.4	108.9	2.2	106.2	-0.5
2012	NBA	Minnesota Timberwolves	31	51	0.378	-1.83	92.8	0.8	102.9	-3	105.4	-0.5
2011	NBA	Minnesota Timberwolves	26	40	0.394	-1.83	93.3	2	104.3	-0.3	106.6	2
2010	NBA	Minnesota Timberwolves	17	65	0.207	-5.97	96.5	4.4	104.2	-3.1	111.1	3.8
2009	NBA	Minnesota Timberwolves	15	67	0.183	-9.06	96.1	3.4	101.7	-5.9	111.6	4
2008	NBA	Minnesota Timberwolves	24	58	0.293	-4.74	91.6	-0.1	106.1	-2.2	111.4	3.1
2007	NBA	Minnesota Timberwolves	22	60	0.268	-6.26	91.9	-0.5	103.8	-3.7	111.2	3.7
2006	NBA	Minnesota Timberwolves	32	50	0.39	-3.16	91	-0.9	103.9	-2.6	107.9	1.4
2005	NBA	Minnesota Timberwolves	33	49	0.402	-1.75	88.8	-1.7	102.4	-3.8	104.5	-1.7
2004	NBA	Minnesota Timberwolves	44	38	0.537	1.73	89.1	-1.8	108.2	2.1	106.6	0.5
2003	NBA	Minnesota Timberwolves	58	24	0.707	5.86	89	-1.1	105.9	3	99.7	-3.2
2002	NBA	Minnesota Timberwolves	51	31	0.622	2.46	91.9	0.9	106.1	2.5	103.8	0.2
2001	NBA	Minnesota Timberwolves	50	32	0.61	3.58	90.5	-0.2	109	4.5	105.3	0.8
2000	NBA	Minnesota Timberwolves	47	35	0.573	1.81	91.8	0.5	105.2	2.2	103.7	0.7
1999	NBA	Minnesota Timberwolves	50	32	0.61	2.67	91.8	-1.3	106.1	2	103.4	-0.7
1998	NBA	Minnesota Timberwolves	25	25	0.5	-0.17	91	2.1	101.9	-0.3	101.5	-0.7
1997	NBA	Minnesota Timberwolves	45	37	0.549	0.17	92.6	2.3	107.8	2.8	107.1	2.1
1996	NBA	Minnesota Timberwolves	40	42	0.488	-1.82	90.7	0.6	105.5	-1.2	107.1	0.4
1995	NBA	Minnesota Timberwolves	26	56	0.317	-5.14	93.5	1.7	104.1	-3.5	109.8	2.2
1994	NBA	Minnesota Timberwolves	21	61	0.256	-8.22	91.4	-1.5	102.6	-5.7	112.4	4.1
1993	NBA	Minnesota Timberwolves	20	62	0.244	-6.55	94.7	-0.4	101.9	-4.4	109.2	2.9
1992	NBA	Minnesota Timberwolves	19	63	0.232	-7.62	93.8	-3	103.6	-4.4	111.8	3.8
1991	NBA	Minnesota Timberwolves	15	67	0.183	-6.85	95.1	-1.5	105	-3.2	112.4	4.2
1990	NBA	Minnesota Timberwolves	29	53	0.354	-3.75	92.3	-5.5	106.7	-1.2	110.9	3
1989	NBA	Minnesota Timberwolves	22	60	0.268	-3.6	91.1	-7.2	103.6	-4.5	108.2	0.1
2018	NBA	New Orleans Pelicans	31	45	0.408	-0.58	103.3	3.3	111.5	1.3	112.3	2.1
2017	NBA	New Orleans Pelicans	48	34	0.585	1.48	100.5	3.2	109.6	1	108.3	-0.3
2016	NBA	New Orleans Pelicans	34	48	0.415	-1.69	98	1.6	105.2	-3.6	107.4	-1.4
2015	NBA	New Orleans Pelicans	30	52	0.366	-3.56	96.8	1	105.6	-0.8	109.5	3.1
2014	NBA	New Orleans Pelicans	45	37	0.549	1.13	91.4	-2.5	108.2	2.6	107.3	1.7
2013	NBA	New Orleans Pelicans	34	48	0.415	-1.98	92.2	-1.7	107.2	0.5	110.1	3.4
2012	NBA	New Orleans Pelicans	27	55	0.329	-3.12	88.5	-3.5	105.7	-0.2	110.1	4.2
2011	NBA	New Orleans Pelicans	21	45	0.318	-3.11	88.3	-3	100.9	-3.7	105.1	0.5
2010	NBA	New Orleans Pelicans	46	36	0.561	1.28	88.7	-3.4	106.2	-1.1	105.2	-2.1
2009	NBA	New Orleans Pelicans	37	45	0.451	-2.27	92.6	-0.1	107.4	-0.2	110.1	2.5
2008	NBA	New Orleans Pelicans	49	33	0.598	1.41	87.8	-3.9	108.7	0.4	107	-1.3
2007	NBA	New Orleans Pelicans	56	26	0.683	5.46	89.9	-2.5	111.5	4	105.7	-1.8
2006	NBA	New Orleans Pelicans	39	43	0.476	-1.19	90.2	-1.7	104.8	-1.7	106.5	0
2005	NBA	New Orleans Pelicans	38	44	0.463	-2.51	89	-1.5	103.7	-2.5	106.8	0.6
2004	NBA	New Orleans Pelicans	18	64	0.22	-6.3	87.6	-3.3	99.7	-6.4	107.7	1.6
2003	NBA	New Orleans Pelicans	41	41	0.5	-0.72	89.1	-1	102.3	-0.6	102.4	-0.5
2002	NBA	New Orleans Pelicans	47	35	0.573	1.52	89.4	-1.6	103.9	0.3	101.6	-2
2018	NBA	New York Knicks	14	60	0.189	-8.68	99.8	-0.2	104.8	-5.4	114	3.8
2017	NBA	New York Knicks	29	53	0.354	-3.53	96.8	-0.5	107.1	-1.5	110.7	2.1
2016	NBA	New York Knicks	31	51	0.378	-3.87	96	-0.4	107.7	-1.1	111.5	2.7
2015	NBA	New York Knicks	32	50	0.39	-2.74	93.4	-2.4	104.6	-1.8	107.6	1.2
2014	NBA	New York Knicks	17	65	0.207	-9.5	91.2	-2.7	99.9	-5.7	110	4.4
2013	NBA	New York Knicks	37	45	0.451	-1.4	90.3	-3.6	108.3	1.6	109.1	2.4
2012	NBA	New York Knicks	54	28	0.659	3.73	89.8	-2.2	111.1	5.2	106.3	0.4
2011	NBA	New York Knicks	36	30	0.545	2.39	93.2	1.9	104.4	-0.2	101	-3.6
2010	NBA	New York Knicks	42	40	0.512	0.48	95.6	3.5	110.9	3.6	110.1	2.8
2009	NBA	New York Knicks	29	53	0.354	-4.01	94	1.3	107.6	0	111.6	4
2008	NBA	New York Knicks	32	50	0.39	-2.33	96.7	5	108.1	-0.2	110.8	2.5
2007	NBA	New York Knicks	23	59	0.28	-6.55	91.6	-0.8	104.7	-2.8	111.9	4.4
2006	NBA	New York Knicks	33	49	0.402	-3.06	90.8	-1.1	105.7	-0.8	108.8	2.3
2005	NBA	New York Knicks	23	59	0.28	-6.3	90.8	0.3	104	-2.2	111	4.8
2004	NBA	New York Knicks	33	49	0.402	-2.72	90.7	-0.2	106.2	0.1	108.9	2.8
2003	NBA	New York Knicks	39	43	0.476	-1.97	89.5	-0.6	101.7	-1.2	103.3	0.4
2002	NBA	New York Knicks	37	45	0.451	-1.61	90.7	-0.3	104.7	1.1	106.2	2.6
2001	NBA	New York Knicks	30	52	0.366	-4.15	89.7	-1	101.5	-3	105.9	1.4
2000	NBA	New York Knicks	48	34	0.585	1.98	86.7	-4.6	101.2	-1.8	98.2	-4.8
1999	NBA	New York Knicks	50	32	0.61	1.3	89.2	-3.9	102.5	-1.6	100.9	-3.2
1998	NBA	New York Knicks	27	23	0.54	1.45	86.9	-2	98.6	-3.6	97.5	-4.7
1997	NBA	New York Knicks	43	39	0.524	2.74	88.2	-2.1	103	-2	100.3	-4.7
1996	NBA	New York Knicks	57	25	0.695	3.31	90.5	0.4	104.4	-2.3	101	-5.7
1995	NBA	New York Knicks	47	35	0.573	2.24	91	-0.8	106	-1.6	103.5	-4.1
1994	NBA	New York Knicks	55	27	0.671	2.78	91.2	-1.7	107.2	-1.1	103.8	-4.5
1993	NBA	New York Knicks	57	25	0.695	6.48	92.8	-2.3	105.7	-0.6	98.2	-8.1
1992	NBA	New York Knicks	60	22	0.732	5.87	94.5	-2.3	106.1	-1.9	99.7	-8.3
1991	NBA	New York Knicks	51	31	0.622	3.67	92.9	-3.7	108.3	0.1	104.2	-4
1990	NBA	New York Knicks	39	43	0.476	-0.43	95	-2.8	107.1	-0.8	107.3	-0.6
1989	NBA	New York Knicks	45	37	0.549	0.78	98.2	-0.1	109.4	1.3	108	-0.1
1988	NBA	New York Knicks	52	30	0.634	3.62	104.4	3.8	111.1	3.3	107.5	-0.3
1987	NBA	New York Knicks	38	44	0.463	0.14	99.1	-0.5	105.9	-2.1	106.4	-1.6
1986	NBA	New York Knicks	24	58	0.293	-5.42	98.5	-2.3	104.8	-3.5	111.1	2.8
1985	NBA	New York Knicks	23	59	0.28	-4.82	98.6	-3.5	99.5	-7.7	105.2	-2
1984	NBA	New York Knicks	24	58	0.293	-4.09	99.5	-2.6	104.9	-3	109.6	1.7
1983	NBA	New York Knicks	47	35	0.573	3.79	99	-2.4	107	-0.6	103.1	-4.5
1982	NBA	New York Knicks	44	38	0.537	2.58	97	-6.1	102.4	-2.3	99.9	-4.8
1981	NBA	New York Knicks	33	49	0.402	-2.15	99.5	-1.4	106	-0.9	108.6	1.7
1980	NBA	New York Knicks	50	32	0.61	2	101	-0.8	106	0.5	104.4	-1.1
1979	NBA	New York Knicks	39	43	0.476	-0.96	106.5	3.4	106.5	1.2	107.5	2.2
1978	NBA	New York Knicks	31	51	0.378	-3.29	104.9	-0.9	102.2	-1.6	105.4	1.6
1977	NBA	New York Knicks	43	39	0.524	-0.53	109.7	3	101.7	0.8	102.2	1.3
1976	NBA	New York Knicks	40	42	0.488	0.01	108.1	1.6	100.1	0.6	100.1	0.6
1975	NBA	New York Knicks	38	44	0.463	-1.05	104.1	-1.4	98	-0.3	99.2	0.9
1974	NBA	New York Knicks	40	42	0.488	-0.92	103.1	-1.4	97.1	-0.6	98.3	0.6
1973	NBA	New York Knicks	49	33	0.598	2.42	103.5	-4.3	97.4	-0.3	94.7	-3
2018	NBA	Oklahoma City Thunder	44	31	0.587	3.27	103	3	109.8	-0.4	106.6	-3.6
2017	NBA	Oklahoma City Thunder	48	34	0.585	3.42	96.7	-0.6	110.7	2.1	107.2	-1.4
2016	NBA	Oklahoma City Thunder	47	35	0.573	1.14	97.8	1.4	108.3	-0.5	107.5	-1.3
2015	NBA	Oklahoma City Thunder	55	27	0.671	7.09	96.7	0.9	113.1	6.7	105.6	-0.8
2014	NBA	Oklahoma City Thunder	45	37	0.549	2.47	95.7	1.8	107.8	2.2	105.5	-0.1
2013	NBA	Oklahoma City Thunder	59	23	0.72	6.66	95.4	1.5	110.5	3.8	103.9	-2.8
2012	NBA	Oklahoma City Thunder	60	22	0.732	9.15	93.3	1.3	112.4	6.5	102.6	-3.3
2011	NBA	Oklahoma City Thunder	47	19	0.712	6.44	93	1.7	109.8	5.2	103.2	-1.4
2010	NBA	Oklahoma City Thunder	55	27	0.671	3.81	92.7	0.6	111.2	3.9	107.2	-0.1
2009	NBA	Oklahoma City Thunder	50	32	0.61	3.55	93.1	0.4	108.3	0.7	104.6	-3
2008	NBA	Oklahoma City Thunder	23	59	0.28	-6.04	93.6	1.9	102.9	-5.4	109.4	1.1
2007	NBA	Oklahoma City Thunder	20	62	0.244	-8.04	96.3	3.9	100.5	-7	109.5	2
2006	NBA	Oklahoma City Thunder	31	51	0.378	-2.45	91.8	-0.1	107.2	0.7	110.3	3.8
2005	NBA	Oklahoma City Thunder	35	47	0.427	-2.88	91.6	1.1	111.1	4.9	114.4	8.2
2004	NBA	Oklahoma City Thunder	52	30	0.634	2.59	87.9	-3	112.2	6.1	109.6	3.5
2003	NBA	Oklahoma City Thunder	37	45	0.451	0.02	89.9	-0.2	107.3	4.4	108	5.1
2002	NBA	Oklahoma City Thunder	40	42	0.488	0.37	88	-3	103.7	0.1	103.9	0.3
2001	NBA	Oklahoma City Thunder	45	37	0.549	3.24	89	-1.7	108.9	4.4	105.6	1.1
2000	NBA	Oklahoma City Thunder	44	38	0.537	0.55	91.6	0.3	105.6	2.6	105.6	2.6
1999	NBA	Oklahoma City Thunder	45	37	0.549	1.17	93.4	0.3	105.6	1.5	104.6	0.5
1998	NBA	Oklahoma City Thunder	25	25	0.5	-1.43	89.6	0.7	105	2.8	106.2	4
1997	NBA	Oklahoma City Thunder	61	21	0.744	6.33	89.8	-0.5	111.6	6.6	103.6	-1.4
1996	NBA	Oklahoma City Thunder	57	25	0.695	6.91	90.3	0.2	111.2	4.5	102.7	-4
1995	NBA	Oklahoma City Thunder	64	18	0.78	7.4	93.8	2	110.3	2.7	102.1	-5.5
1994	NBA	Oklahoma City Thunder	57	25	0.695	7.91	95.5	2.6	114.8	6.5	106.3	-2
1993	NBA	Oklahoma City Thunder	63	19	0.768	8.68	95.1	0	111.1	4.8	101.5	-4.8
1992	NBA	Oklahoma City Thunder	55	27	0.671	6.66	96	-0.8	112.3	4.3	104.9	-3.1
1991	NBA	Oklahoma City Thunder	47	35	0.573	1.86	95.4	-1.2	110.7	2.5	108.8	0.6
1990	NBA	Oklahoma City Thunder	41	41	0.5	1.31	96.2	-1.6	109.7	1.8	108.5	0.6
1989	NBA	Oklahoma City Thunder	41	41	0.5	1.4	95.3	-3	110.9	2.8	109.8	1.7
1988	NBA	Oklahoma City Thunder	47	35	0.573	2.44	100.1	-0.5	111.5	3.7	108.6	0.8
1987	NBA	Oklahoma City Thunder	44	38	0.537	1.29	100.2	0.6	110.2	2.2	108.1	0.1
1986	NBA	Oklahoma City Thunder	39	43	0.476	0.08	101.8	1	110.7	2.4	110.3	2
1985	NBA	Oklahoma City Thunder	31	51	0.378	-0.47	97.4	-4.7	105.9	-1.3	106	-1.2
1984	NBA	Oklahoma City Thunder	31	51	0.378	-5.44	99.3	-2.8	102.8	-5.1	108.2	0.3
1983	NBA	Oklahoma City Thunder	42	40	0.512	-0.34	99.7	-1.7	107.9	0.3	108.1	0.5
1982	NBA	Oklahoma City Thunder	48	34	0.585	2.88	103.2	0.1	105.9	1.2	102.8	-1.9
1981	NBA	Oklahoma City Thunder	52	30	0.634	3.69	100	-0.9	106.4	-0.5	102.3	-4.6
1980	NBA	Oklahoma City Thunder	34	48	0.415	-1.84	100.3	-1.5	103.2	-2.3	104.8	-0.7
1979	NBA	Oklahoma City Thunder	56	26	0.683	4.24	101.8	-1.3	105.8	0.5	101.2	-4.1
1978	NBA	Oklahoma City Thunder	52	30	0.634	2.69	103.4	-2.4	102.7	-1.1	100.1	-3.7
1977	NBA	Oklahoma City Thunder	47	35	0.573	1.48	104.8	-1.9	99.2	-1.7	97.7	-3.2
1976	NBA	Oklahoma City Thunder	40	42	0.488	-1.43	106.8	0.3	96.7	-2.8	98.2	-1.3
1975	NBA	Oklahoma City Thunder	43	39	0.524	-0.15	107.7	2.2	98.3	0	98.6	0.3
1974	NBA	Oklahoma City Thunder	43	39	0.524	-1.19	105.5	1	96.7	-1	97.7	0
1973	NBA	Oklahoma City Thunder	36	46	0.439	-2.29	110.2	2.4	96.8	-0.9	99.1	1.4
2018	NBA	Orlando Magic	37	38	0.493	-0.13	98	-2	107.8	-2.4	107.6	-2.6
2017	NBA	Orlando Magic	25	57	0.305	-4.92	98.1	0.8	105.2	-3.4	110.1	1.5
2016	NBA	Orlando Magic	29	53	0.354	-6.61	96.8	0.4	103.7	-5.1	110.5	1.7
2015	NBA	Orlando Magic	35	47	0.427	-1.68	96	0.2	105.1	-1.3	106.8	0.4
2014	NBA	Orlando Magic	25	57	0.305	-5.87	93.8	-0.1	101.6	-4	107.7	2.1
2013	NBA	Orlando Magic	23	59	0.28	-5.88	93.6	-0.3	101.7	-5	107.4	0.7
2012	NBA	Orlando Magic	20	62	0.244	-7.12	92.2	0.2	101.6	-4.3	109.1	3.2
2011	NBA	Orlando Magic	37	29	0.561	0.46	89	-2.3	105	0.4	104.1	-0.5
2010	NBA	Orlando Magic	52	30	0.634	4.92	91.2	-0.9	107.9	0.6	102	-5.3
2009	NBA	Orlando Magic	59	23	0.72	7.12	92	-0.7	111.4	3.8	103.3	-4.3
2008	NBA	Orlando Magic	59	23	0.72	6.48	92.3	0.6	109.2	0.9	101.9	-6.4
2007	NBA	Orlando Magic	52	30	0.634	4.79	93.4	1	111.3	3.8	105.5	-2
2006	NBA	Orlando Magic	40	42	0.488	0.35	89.9	-2	104.9	-1.6	104.1	-2.4
2005	NBA	Orlando Magic	36	46	0.439	-1.26	88.3	-2.2	106.3	0.1	107.5	1.3
2004	NBA	Orlando Magic	36	46	0.439	-2.52	94.7	3.8	104.9	-1.2	107.3	1.2
2003	NBA	Orlando Magic	21	61	0.256	-7.25	90.8	0.7	102.7	-0.2	110.4	7.5
2002	NBA	Orlando Magic	42	40	0.512	-0.39	93.1	2.1	105.2	1.6	105	1.4
2001	NBA	Orlando Magic	44	38	0.537	1.25	93.2	2.5	107	2.5	105.3	0.8
2000	NBA	Orlando Magic	43	39	0.524	0.39	93.2	1.9	103.2	0.2	102.1	-0.9
1999	NBA	Orlando Magic	41	41	0.5	0.43	97.3	4.2	102.4	-1.7	101.7	-2.4
1998	NBA	Orlando Magic	33	17	0.66	3.11	88.8	-0.1	100.3	-1.9	97.4	-4.8
1997	NBA	Orlando Magic	41	41	0.5	-0.53	87.1	-3.2	102.6	-2.4	103.8	-1.2
1996	NBA	Orlando Magic	45	37	0.549	-0.07	88.3	-1.8	105.6	-1.1	106	-0.7
1995	NBA	Orlando Magic	60	22	0.732	5.4	91.8	0	112.9	5.3	106.9	-0.7
1994	NBA	Orlando Magic	57	25	0.695	6.44	95.1	2.2	115.1	6.8	107.8	-0.5
1993	NBA	Orlando Magic	50	32	0.61	3.68	95.2	0.1	110.8	4.5	106.7	0.4
1992	NBA	Orlando Magic	41	41	0.5	1.35	96.3	-0.5	108.5	0.5	107.1	-0.9
1991	NBA	Orlando Magic	21	61	0.256	-6.52	98	1.4	103.5	-4.7	110.5	2.3
1990	NBA	Orlando Magic	31	51	0.378	-3.79	99.5	1.7	105.9	-2	109.9	2
1989	NBA	Orlando Magic	18	64	0.22	-8.73	104.1	5.8	105.8	-2.3	114.3	6.2
2018	NBA	Philadelphia 76ers	47	27	0.635	2.72	101.6	1.6	112.5	2.3	109.6	-0.6
2017	NBA	Philadelphia 76ers	52	30	0.634	4.3	99.8	2.5	109.5	0.9	105	-3.6
2016	NBA	Philadelphia 76ers	28	54	0.341	-5.83	98.5	2.1	103.2	-5.6	108.9	0.1
2015	NBA	Philadelphia 76ers	10	72	0.122	-9.92	97.9	2.1	98.8	-7.6	109.2	2.8
2014	NBA	Philadelphia 76ers	18	64	0.22	-9.04	95.7	1.8	95.5	-10.1	104.8	-0.8
2013	NBA	Philadelphia 76ers	19	63	0.232	-10.66	99.2	5.3	99.4	-7.3	109.9	3.2
2012	NBA	Philadelphia 76ers	34	48	0.415	-3.51	91	-1	102	-3.9	105.7	-0.2
2011	NBA	Philadelphia 76ers	35	31	0.53	3.59	89.7	-1.6	103.9	-0.7	99.2	-5.4
2010	NBA	Philadelphia 76ers	41	41	0.5	1.01	91.7	-0.4	106.6	-0.7	105	-2.3
2009	NBA	Philadelphia 76ers	27	55	0.329	-3.93	91.6	-1.1	106.1	-1.5	110.3	2.7
2008	NBA	Philadelphia 76ers	41	41	0.5	0.16	90	-1.7	107.9	-0.4	107.8	-0.5
2007	NBA	Philadelphia 76ers	40	42	0.488	0.19	90.4	-2	106.4	-1.1	106	-1.5
2006	NBA	Philadelphia 76ers	35	47	0.427	-3.26	90.7	-1.2	103.6	-2.9	106.9	0.4
2005	NBA	Philadelphia 76ers	38	44	0.463	-2.1	92.7	2.2	106	-0.2	108.1	1.9
2004	NBA	Philadelphia 76ers	43	39	0.524	-1.07	94.9	4	103.5	-2.6	104.3	-1.8
2003	NBA	Philadelphia 76ers	33	49	0.402	-2.95	88	-2.1	99.1	-3.8	101.9	-1
2002	NBA	Philadelphia 76ers	48	34	0.585	1.76	91.4	0.4	105	1.4	102.5	-1.1
2001	NBA	Philadelphia 76ers	43	39	0.524	1.27	88.9	-1.8	102.1	-2.4	100.3	-4.2
2000	NBA	Philadelphia 76ers	56	26	0.683	3.64	90.6	-0.7	103.6	0.6	98.9	-4.1
1999	NBA	Philadelphia 76ers	49	33	0.598	1.02	92.7	-0.4	101.5	-2.6	100	-4.1
1998	NBA	Philadelphia 76ers	28	22	0.56	2.56	88.6	-0.3	99.9	-2.3	97.6	-4.6
1997	NBA	Philadelphia 76ers	31	51	0.378	-1.89	90.4	0.1	102.8	-2.2	105.4	0.4
1996	NBA	Philadelphia 76ers	22	60	0.268	-5.89	95.3	5.2	104.6	-2.1	111.4	4.7
1995	NBA	Philadelphia 76ers	18	64	0.22	-9.45	92.2	0.4	102.2	-5.4	113	5.4
1994	NBA	Philadelphia 76ers	24	58	0.293	-5.06	91	-1.9	104.1	-4.2	109.7	1.4
1993	NBA	Philadelphia 76ers	25	57	0.305	-7.37	95.7	0.6	101.7	-4.6	109.7	3.4
1992	NBA	Philadelphia 76ers	26	56	0.317	-5.25	98.5	1.7	104.6	-3.4	110.4	2.4
1991	NBA	Philadelphia 76ers	35	47	0.427	-1.34	93.7	-2.9	108.3	0.1	109.7	1.5
1990	NBA	Philadelphia 76ers	44	38	0.537	-0.39	95.7	-2.1	107.9	0	108.1	0.2
1989	NBA	Philadelphia 76ers	53	29	0.646	4.23	96.5	-1.8	113.5	5.4	108.4	0.3
1988	NBA	Philadelphia 76ers	46	36	0.561	1.68	98.5	-2.1	113	5.2	111.5	3.7
1987	NBA	Philadelphia 76ers	36	46	0.439	-0.79	96	-3.6	108.8	0.8	110.3	2.3
1986	NBA	Philadelphia 76ers	45	37	0.549	0.11	97.3	-3.5	108.3	0	108.5	0.2
1985	NBA	Philadelphia 76ers	54	28	0.659	2.46	100.5	-1.6	108.6	1.4	106.3	-0.9
1984	NBA	Philadelphia 76ers	58	24	0.707	4.17	100.8	-1.3	111.3	3.4	107.3	-0.6
1983	NBA	Philadelphia 76ers	52	30	0.634	2.39	99.6	-1.8	106.8	-0.8	104.6	-3
1982	NBA	Philadelphia 76ers	65	17	0.793	7.53	102.7	-0.4	108.3	3.6	100.9	-3.8
1981	NBA	Philadelphia 76ers	58	24	0.707	5.74	100.6	-0.3	109.6	2.7	103.9	-3
1980	NBA	Philadelphia 76ers	62	20	0.756	7.76	103.4	1.6	107	1.5	99.5	-6
1979	NBA	Philadelphia 76ers	59	23	0.72	4.04	103	-0.1	105	-0.3	101	-4.3
1978	NBA	Philadelphia 76ers	47	35	0.573	1.74	106.7	0.9	102	-1.8	100.3	-3.5
1977	NBA	Philadelphia 76ers	55	27	0.671	4.87	108.4	1.7	105	4.1	100.3	-0.6
1976	NBA	Philadelphia 76ers	50	32	0.61	3.78	108.3	1.8	101.2	1.7	97.6	-1.9
1975	NBA	Philadelphia 76ers	46	36	0.561	0.33	107.5	2	98.2	-0.1	98	-0.3
1974	NBA	Philadelphia 76ers	34	48	0.415	-2.6	103.4	-1.1	95.8	-1.9	98.8	1.1
1973	NBA	Philadelphia 76ers	25	57	0.305	-5.94	108.3	0.5	93.1	-4.6	99	1.3
2018	NBA	Phoenix Suns	17	59	0.224	-8.51	100.5	0.5	105.4	-4.8	114.6	4.4
2017	NBA	Phoenix Suns	21	61	0.256	-8.8	100.3	3	103.5	-5.1	112.8	4.2
2016	NBA	Phoenix Suns	24	58	0.293	-5.14	100.3	3.9	106.6	-2.2	112.2	3.4
2015	NBA	Phoenix Suns	23	59	0.28	-6.32	98.5	2.7	102.2	-4.2	109	2.6
2014	NBA	Phoenix Suns	39	43	0.476	-0.38	96.3	2.4	105.3	-0.3	106.2	0.6
2013	NBA	Phoenix Suns	48	34	0.585	3.02	95.8	1.9	109.5	2.8	106.7	0
2012	NBA	Phoenix Suns	25	57	0.305	-5.75	93.4	1.4	101.2	-4.7	108.1	2.2
2011	NBA	Phoenix Suns	33	33	0.5	0.29	92.6	1.3	106.2	1.6	106.5	1.9
2010	NBA	Phoenix Suns	40	42	0.488	-0.46	94.4	2.3	109.5	2.2	110.4	3.1
2009	NBA	Phoenix Suns	54	28	0.659	4.67	95.3	2.6	115.3	7.7	110.2	2.6
2008	NBA	Phoenix Suns	46	36	0.561	1.62	96	4.3	113.6	5.3	111.6	3.3
2007	NBA	Phoenix Suns	55	27	0.671	5.14	96.7	4.3	113.3	5.8	108.1	0.6
2006	NBA	Phoenix Suns	61	21	0.744	7.28	95.6	3.7	113.9	7.4	106.4	-0.1
2005	NBA	Phoenix Suns	54	28	0.659	5.48	95.8	5.3	111.5	5.3	105.8	-0.4
2004	NBA	Phoenix Suns	62	20	0.756	7.08	95.9	5	114.5	8.4	107.1	1
2003	NBA	Phoenix Suns	29	53	0.354	-2.94	92.6	2.5	101.4	-1.5	105.5	2.6
2002	NBA	Phoenix Suns	44	38	0.537	1.57	91.5	0.5	103.7	0.1	102.5	-1.1
2001	NBA	Phoenix Suns	36	46	0.439	-0.3	91.4	0.7	103.3	-1.2	104	-0.5
2000	NBA	Phoenix Suns	51	31	0.622	2.63	93.1	1.8	100.3	-2.7	98	-5
1999	NBA	Phoenix Suns	53	29	0.646	5.24	94	0.9	104.6	0.5	99	-5.1
1998	NBA	Phoenix Suns	27	23	0.54	2.15	90	1.1	105.8	3.6	103.3	1.1
1997	NBA	Phoenix Suns	56	26	0.683	4.44	91.4	1.1	107.4	2.4	101.8	-3.2
1996	NBA	Phoenix Suns	40	42	0.488	0.21	93.2	3.1	109.3	2.6	108.6	1.9
1995	NBA	Phoenix Suns	41	41	0.5	0.28	93.2	1.4	110.3	2.7	110	2.4
1994	NBA	Phoenix Suns	59	23	0.72	3.86	95.9	3	114.5	6.2	110.4	2.1
1993	NBA	Phoenix Suns	56	26	0.683	4.68	96.7	1.6	111.7	5.4	106.8	0.5
1992	NBA	Phoenix Suns	62	20	0.756	6.27	99.8	3	113.3	5.3	106.7	-1.3
1991	NBA	Phoenix Suns	53	29	0.646	5.68	99.4	2.8	112.1	3.9	106.2	-2
1990	NBA	Phoenix Suns	55	27	0.671	6.49	101	3.2	112.6	4.7	106.1	-1.8
1989	NBA	Phoenix Suns	54	28	0.659	7.09	100.7	2.4	113.1	5	106.2	-1.9
1988	NBA	Phoenix Suns	55	27	0.671	6.84	104.5	3.9	113.1	5.3	105.7	-2.1
1987	NBA	Phoenix Suns	28	54	0.341	-4.8	101.2	1.6	107	-1	111.4	3.4
1986	NBA	Phoenix Suns	36	46	0.439	-2.63	102	1.2	108	-0.3	110.3	2
1985	NBA	Phoenix Suns	32	50	0.39	-3.16	104.8	2.7	104.3	-2.9	107.2	0
1984	NBA	Phoenix Suns	36	46	0.439	-2.34	102.5	0.4	104.7	-3.2	106.8	-1.1
1983	NBA	Phoenix Suns	41	41	0.5	0.65	101.4	0	108.9	1.3	108	0.4
1982	NBA	Phoenix Suns	53	29	0.646	4.61	101.6	-1.5	105.1	0.4	100.1	-4.6
1981	NBA	Phoenix Suns	46	36	0.561	3.05	99.5	-1.4	105.8	-1.1	102.4	-4.5
1980	NBA	Phoenix Suns	57	25	0.695	4.83	104.7	2.9	104.6	-0.9	99.4	-6.1
1979	NBA	Phoenix Suns	55	27	0.671	3.25	104.8	1.7	105.6	0.3	102.2	-3.1
1978	NBA	Phoenix Suns	50	32	0.61	3.55	108.5	2.7	105.7	1.9	102.4	-1.4
1977	NBA	Phoenix Suns	49	33	0.598	3.5	111.4	4.7	100.3	-0.6	97	-3.9
1976	NBA	Phoenix Suns	34	48	0.415	0.64	106.6	0.1	98.1	-1.4	97.5	-2
1975	NBA	Phoenix Suns	42	40	0.512	0.59	105.6	0.1	98.5	0.2	97.9	-0.4
1974	NBA	Phoenix Suns	32	50	0.39	-2.36	104.3	-0.2	96.4	-1.3	98.6	0.9
1973	NBA	Phoenix Suns	30	52	0.366	-3.2	109.6	1.8	98.1	0.4	101.3	3.6
2018	NBA	Portland Trail Blazers	47	27	0.635	4.21	99.2	-0.8	114.4	4.2	110.5	0.3
2017	NBA	Portland Trail Blazers	49	33	0.598	2.6	96.5	-0.8	109.1	0.5	106.4	-2.2
2016	NBA	Portland Trail Blazers	41	41	0.5	-0.23	96.7	0.3	110.3	1.5	110.8	2
2015	NBA	Portland Trail Blazers	44	38	0.537	0.98	96	0.2	108.8	2.4	108	1.6
2014	NBA	Portland Trail Blazers	51	31	0.622	4.41	94.2	0.3	108.2	2.6	103.7	-1.9
2013	NBA	Portland Trail Blazers	54	28	0.659	4.44	94.9	1	111.5	4.8	107.4	0.7
2012	NBA	Portland Trail Blazers	33	49	0.402	-2.53	91.4	-0.6	105.8	-0.1	109.2	3.3
2011	NBA	Portland Trail Blazers	28	38	0.424	-0.22	91.2	-0.1	105.7	1.1	106.4	1.8
2010	NBA	Portland Trail Blazers	48	34	0.585	1.85	87.9	-4.2	108.8	1.5	107.1	-0.2
2009	NBA	Portland Trail Blazers	50	32	0.61	3.18	87.7	-5	110.8	3.2	107.1	-0.5
2008	NBA	Portland Trail Blazers	54	28	0.659	5	86.6	-5.1	113.9	5.6	107.8	-0.5
2007	NBA	Portland Trail Blazers	41	41	0.5	-0.52	87.9	-4.5	107.3	-0.2	108.4	0.9
2006	NBA	Portland Trail Blazers	32	50	0.39	-3.78	88.3	-3.6	105.1	-1.4	109.9	3.4
2005	NBA	Portland Trail Blazers	21	61	0.256	-8.91	87.6	-2.9	101.1	-5.1	111.9	5.7
2004	NBA	Portland Trail Blazers	27	55	0.329	-3.45	89.8	-1.1	103.2	-2.9	107.7	1.6
2003	NBA	Portland Trail Blazers	41	41	0.5	-0.58	86.2	-3.9	103.7	0.8	105.1	2.2
2002	NBA	Portland Trail Blazers	50	32	0.61	2.97	89.4	-1.6	105.5	1.9	102.6	-1
2001	NBA	Portland Trail Blazers	49	33	0.598	3.21	89.3	-1.4	107.4	2.9	104	-0.5
2000	NBA	Portland Trail Blazers	50	32	0.61	4.52	89.1	-2.2	106.5	3.5	101.8	-1.2
1999	NBA	Portland Trail Blazers	59	23	0.72	6.36	89.9	-3.2	107.9	3.8	100.8	-3.3
1998	NBA	Portland Trail Blazers	35	15	0.7	5.67	89.2	0.3	104.8	2.6	97.7	-4.5
1997	NBA	Portland Trail Blazers	46	36	0.561	0.83	90	-0.3	104	-1	102.4	-2.6
1996	NBA	Portland Trail Blazers	49	33	0.598	3.56	90.9	0.8	107.9	1.2	103.3	-3.4
1995	NBA	Portland Trail Blazers	44	38	0.537	2.21	92.6	0.8	106	-1.6	103.5	-4.1
1994	NBA	Portland Trail Blazers	44	38	0.537	3.8	93.8	0.9	109.7	1.4	105.7	-2.6
1993	NBA	Portland Trail Blazers	47	35	0.573	2.6	98.8	3.7	108.1	1.8	105.5	-0.8
1992	NBA	Portland Trail Blazers	51	31	0.622	2.92	99.1	2.3	108.3	0.3	105.2	-2.8
1991	NBA	Portland Trail Blazers	57	25	0.695	6.94	99	2.4	111.4	3.2	104.2	-4
1990	NBA	Portland Trail Blazers	63	19	0.768	8.47	100.5	2.7	112.8	4.9	104.3	-3.6
1989	NBA	Portland Trail Blazers	59	23	0.72	6.48	102.3	4	110.5	2.4	104.4	-3.7
1988	NBA	Portland Trail Blazers	39	43	0.476	0.92	103.9	3.3	109.4	1.6	108	0.2
1987	NBA	Portland Trail Blazers	53	29	0.646	3.59	103.6	4	111.8	3.8	107.4	-0.6
1986	NBA	Portland Trail Blazers	49	33	0.598	2.57	105	4.2	111.5	3.2	108.6	0.3
1985	NBA	Portland Trail Blazers	40	42	0.488	0.61	104.5	2.4	109.2	2	108.2	1
1984	NBA	Portland Trail Blazers	42	40	0.512	2.8	103.5	1.4	110.4	2.5	107.2	-0.7
1983	NBA	Portland Trail Blazers	48	34	0.585	3.13	101.1	-0.3	111.2	3.6	107.7	0.1
1982	NBA	Portland Trail Blazers	46	36	0.561	1.88	101	-2.1	106	1.3	103.9	-0.8
1981	NBA	Portland Trail Blazers	42	40	0.512	0.39	100.5	-0.4	108.8	1.9	108.2	1.3
1980	NBA	Portland Trail Blazers	45	37	0.549	0.52	103	1.2	106.5	1	105.7	0.2
1979	NBA	Portland Trail Blazers	38	44	0.463	-0.87	98.6	-4.5	103.4	-1.9	104.3	-1
1978	NBA	Portland Trail Blazers	45	37	0.549	1.12	103.4	-2.4	104.3	0.5	103.1	-0.7
1977	NBA	Portland Trail Blazers	58	24	0.707	5.92	104.2	-2.5	103.1	2.2	97.2	-3.7
1976	NBA	Portland Trail Blazers	49	33	0.598	5.39	108	1.5	103.2	3.7	98	-1.5
1975	NBA	Portland Trail Blazers	37	45	0.451	-1.11	107.7	2.2	96.4	-1.9	97.6	-0.7
1974	NBA	Portland Trail Blazers	38	44	0.463	0.27	104.7	0.2	98.1	0.4	97.7	0
1973	NBA	Portland Trail Blazers	27	55	0.329	-4.3	108.5	0.7	98.2	0.5	102.6	4.9
2018	NBA	Sacramento Kings	37	37	0.5	-0.4	103.5	3.5	109.9	-0.3	110.5	0.3
2017	NBA	Sacramento Kings	27	55	0.329	-6.6	94.9	-2.4	103.7	-4.9	111.1	2.5
2016	NBA	Sacramento Kings	32	50	0.39	-3.29	94.9	-1.5	107.3	-1.5	111.3	2.5
2015	NBA	Sacramento Kings	33	49	0.402	-2.32	100	4.2	106	-0.4	108.4	2
2014	NBA	Sacramento Kings	29	53	0.354	-3.07	95.4	1.5	105.3	-0.3	109.2	3.6
2013	NBA	Sacramento Kings	28	54	0.341	-2.08	94.4	0.5	105.7	-1	108.8	2.1
2012	NBA	Sacramento Kings	28	54	0.341	-4.26	93.6	1.6	106.2	0.3	111.4	5.5
2011	NBA	Sacramento Kings	22	44	0.333	-4.95	94.7	3.4	103.8	-0.8	109.8	5.2
2010	NBA	Sacramento Kings	24	58	0.293	-4.8	95.2	3.1	103.5	-3.8	109	1.7
2009	NBA	Sacramento Kings	25	57	0.305	-4.06	94	1.3	105.3	-2.3	109.9	2.3
2008	NBA	Sacramento Kings	17	65	0.207	-8.6	94.2	2.5	105.5	-2.8	114.7	6.4
2007	NBA	Sacramento Kings	38	44	0.463	-1.86	94.7	2.3	107.5	0	109.9	2.4
2006	NBA	Sacramento Kings	33	49	0.402	-1.35	94.8	2.9	106.2	-0.3	108	1.5
2005	NBA	Sacramento Kings	44	38	0.537	1.61	91.9	1.4	106.7	0.5	105	-1.2
2004	NBA	Sacramento Kings	50	32	0.61	2.56	93	2.1	110.5	4.4	108.2	2.1
2003	NBA	Sacramento Kings	55	27	0.671	5.41	92.8	2.7	110.3	7.4	104.9	2
2002	NBA	Sacramento Kings	59	23	0.72	6.68	95.4	4.4	105.9	2.3	99.1	-4.5
2001	NBA	Sacramento Kings	61	21	0.744	7.61	95.6	4.9	109	4.5	101.1	-3.4
2000	NBA	Sacramento Kings	55	27	0.671	6.07	94.4	3.1	105.6	2.6	99.6	-3.4
1999	NBA	Sacramento Kings	44	38	0.537	3.04	99.3	6.2	105	0.9	102.1	-2
1998	NBA	Sacramento Kings	27	23	0.54	-0.89	96	7.1	102.7	0.5	103.1	0.9
1997	NBA	Sacramento Kings	27	55	0.329	-5.83	92.1	1.8	100.8	-4.2	106.9	1.9
1996	NBA	Sacramento Kings	34	48	0.415	-3.64	91	0.9	105	-1.7	108.7	2
1995	NBA	Sacramento Kings	39	43	0.476	-2.62	93.4	1.6	106.2	-1.4	109.1	1.5
1994	NBA	Sacramento Kings	39	43	0.476	-0.74	92.3	-0.6	105.5	-2.8	106.5	-1.8
1993	NBA	Sacramento Kings	28	54	0.341	-5.32	97.5	2.4	103.3	-3	109.2	2.9
1992	NBA	Sacramento Kings	25	57	0.305	-3	100.8	4	106.5	-1.5	109.6	1.6
1991	NBA	Sacramento Kings	29	53	0.354	-5.63	99.6	3	103.9	-4.3	109.9	1.7
1990	NBA	Sacramento Kings	25	57	0.305	-6.27	94.7	-3.1	102	-5.9	109.1	1.2
1989	NBA	Sacramento Kings	23	59	0.28	-4.41	96.7	-1.6	104.8	-3.3	110	1.9
1988	NBA	Sacramento Kings	27	55	0.329	-5.35	100.5	-0.1	104.5	-3.3	110	2.2
1987	NBA	Sacramento Kings	24	58	0.293	-5.84	100.9	1.3	106.5	-1.5	112.1	4.1
1986	NBA	Sacramento Kings	29	53	0.354	-3.34	101.3	0.5	108.9	0.6	112.1	3.8
1985	NBA	Sacramento Kings	37	45	0.451	-3.19	102	-0.1	106.2	-1	109.2	2
1984	NBA	Sacramento Kings	31	51	0.378	-2.71	104.4	2.3	109.5	1.6	112.1	4.2
1983	NBA	Sacramento Kings	38	44	0.463	-1.62	102.9	1.5	106.5	-1.1	108	0.4
1982	NBA	Sacramento Kings	45	37	0.549	1.04	106.6	3.5	106.2	1.5	104.9	0.2
1981	NBA	Sacramento Kings	30	52	0.366	-3.25	101.8	0.9	104.2	-2.7	107.2	0.3
1980	NBA	Sacramento Kings	40	42	0.488	-0.49	101.3	-0.5	104.7	-0.8	104.7	-0.8
1979	NBA	Sacramento Kings	47	35	0.573	2.82	103.2	0.1	104	-1.3	101	-4.3
1978	NBA	Sacramento Kings	48	34	0.585	2.73	107.3	1.5	104.5	0.7	101.9	-1.9
1977	NBA	Sacramento Kings	31	51	0.378	-1.76	108.2	1.5	100.5	-0.4	102.2	1.3
1976	NBA	Sacramento Kings	40	42	0.488	0.93	106.4	-0.1	100.5	1	99.6	0.1
1975	NBA	Sacramento Kings	31	51	0.378	-2.83	105.7	0.2	97.4	-0.9	100.1	1.8
1974	NBA	Sacramento Kings	44	38	0.537	-0.16	104.4	-0.1	96.8	-0.9	97.1	-0.6
1973	NBA	Sacramento Kings	33	49	0.402	-3.24	106.1	-1.7	96	-1.7	99.5	1.8
2018	NBA	San Antonio Spurs	43	32	0.573	1.91	98.5	-1.5	112.8	2.6	111.3	1.1
2017	NBA	San Antonio Spurs	47	35	0.573	2.89	95	-2.3	107.9	-0.7	104.8	-3.8
2016	NBA	San Antonio Spurs	61	21	0.744	7.13	94.2	-2.2	111.1	2.3	103.5	-5.3
2015	NBA	San Antonio Spurs	67	15	0.817	10.28	93.8	-2	110.3	3.9	99	-7.4
2014	NBA	San Antonio Spurs	55	27	0.671	6.34	93.8	-0.1	108.5	2.9	102	-3.6
2013	NBA	San Antonio Spurs	62	20	0.756	8	95	1.1	110.5	3.8	102.4	-4.3
2012	NBA	San Antonio Spurs	58	24	0.707	6.67	94.2	2.2	108.3	2.4	101.6	-4.3
2011	NBA	San Antonio Spurs	50	16	0.758	7.28	92.9	1.6	110.9	6.3	103.2	-1.4
2010	NBA	San Antonio Spurs	61	21	0.744	5.86	92.3	0.2	111.8	4.5	105.6	-1.7
2009	NBA	San Antonio Spurs	50	32	0.61	5.07	91.7	-1	110	2.4	104.5	-3.1
2008	NBA	San Antonio Spurs	54	28	0.659	3.36	88.4	-3.3	108.5	0.2	104.3	-4
2007	NBA	San Antonio Spurs	56	26	0.683	5.1	88.8	-3.6	107.2	-0.3	101.8	-5.7
2006	NBA	San Antonio Spurs	58	24	0.707	8.35	89.8	-2.1	109.2	2.7	99.9	-6.6
2005	NBA	San Antonio Spurs	63	19	0.768	6.69	88.5	-2	107.3	1.1	99.6	-6.6
2004	NBA	San Antonio Spurs	59	23	0.72	7.84	88.9	-2	107.5	1.4	98.8	-7.3
2003	NBA	San Antonio Spurs	57	25	0.695	7.51	89.2	-0.9	102.2	-0.7	94.1	-8.8
2002	NBA	San Antonio Spurs	60	22	0.732	5.65	90	-1	105.6	2	99.7	-3.9
2001	NBA	San Antonio Spurs	58	24	0.707	6.28	90	-0.7	106.5	2	99.7	-4.8
2000	NBA	San Antonio Spurs	58	24	0.707	7.92	89.6	-1.7	106.6	3.6	98	-5
1999	NBA	San Antonio Spurs	53	29	0.646	5.92	90.8	-2.3	105	0.9	98.6	-5.5
1998	NBA	San Antonio Spurs	37	13	0.74	7.12	88.6	-0.3	104	1.8	95	-7.2
1997	NBA	San Antonio Spurs	56	26	0.683	3.3	88.4	-1.9	103.8	-1.2	99.4	-5.6
1996	NBA	San Antonio Spurs	20	62	0.244	-7.93	87.3	-2.8	103.3	-3.4	112.3	5.6
1995	NBA	San Antonio Spurs	59	23	0.72	5.98	93.3	1.5	110.2	2.6	103.5	-4.1
1994	NBA	San Antonio Spurs	62	20	0.756	5.9	94.6	1.7	111.7	3.4	105.4	-2.9
1993	NBA	San Antonio Spurs	55	27	0.671	5.05	90.1	-5	110.4	4.1	104.6	-1.7
1992	NBA	San Antonio Spurs	49	33	0.598	2.21	95.4	-1.4	109.6	1.6	106.8	-1.2
1991	NBA	San Antonio Spurs	47	35	0.573	2.81	96.2	-0.4	107.5	-0.7	104.1	-4.1
1990	NBA	San Antonio Spurs	55	27	0.671	4.3	98.6	0.8	107.8	-0.1	103.3	-4.6
1989	NBA	San Antonio Spurs	56	26	0.683	3.58	98.5	0.2	107.7	-0.4	104.2	-3.9
1988	NBA	San Antonio Spurs	21	61	0.256	-7.45	104.1	3.5	100.9	-6.9	107.9	0.1
1987	NBA	San Antonio Spurs	31	51	0.378	-5.02	104.4	4.8	108.2	0.2	112.8	4.8
1986	NBA	San Antonio Spurs	28	54	0.341	-5.09	101.7	0.9	105.9	-2.4	110.8	2.5
1985	NBA	San Antonio Spurs	35	47	0.427	-2.06	103.8	1.7	106.5	-0.7	108.2	1
1984	NBA	San Antonio Spurs	41	41	0.5	0.63	103.9	1.8	109.9	2	109	1.1
1983	NBA	San Antonio Spurs	37	45	0.451	-0.5	106.5	5.1	111.2	3.6	111.4	3.8
1982	NBA	San Antonio Spurs	53	29	0.646	3.1	103.3	0.2	110.1	5.4	106.6	1.9
1981	NBA	San Antonio Spurs	48	34	0.585	1.79	102.5	1.6	109.9	3	107.6	0.7
1980	NBA	San Antonio Spurs	52	30	0.634	2.18	102.9	1.1	108.5	3	105.7	0.2
1979	NBA	San Antonio Spurs	41	41	0.5	-0.24	109.5	6.4	108.6	3.3	109	3.7
1978	NBA	San Antonio Spurs	48	34	0.585	4.97	110.6	4.8	107.1	3.3	102.4	-1.4
1977	NBA	San Antonio Spurs	52	30	0.634	3.2	109	2.3	104.5	3.6	101.4	0.5
1976	NBA	San Antonio Spurs	44	38	0.537	0.53	111.8	5.3	102.5	3	102	2.5
2018	NBA	Toronto Raptors	52	23	0.693	5.06	100.2	0.2	112.8	2.6	107.4	-2.8
2017	NBA	Toronto Raptors	59	23	0.72	7.29	97.4	0.1	113.8	5.2	105.9	-2.7
2016	NBA	Toronto Raptors	51	31	0.622	3.65	94.7	-1.7	112.3	3.5	107.8	-1
2015	NBA	Toronto Raptors	56	26	0.683	4.08	92.9	-2.9	110	3.6	105.2	-1.2
2014	NBA	Toronto Raptors	49	33	0.598	2.45	92.8	-1.1	111	5.4	107.7	2.1
2013	NBA	Toronto Raptors	48	34	0.585	2.55	91.8	-2.1	108.8	2.1	105.3	-1.4
2012	NBA	Toronto Raptors	34	48	0.415	-1.96	90.4	-1.6	105.9	0	107.5	1.6
2011	NBA	Toronto Raptors	23	43	0.348	-3.67	89.3	-2	100.8	-3.8	104.5	-0.1
2010	NBA	Toronto Raptors	22	60	0.268	-6.28	92.9	0.8	106.1	-1.2	112.9	5.6
2009	NBA	Toronto Raptors	40	42	0.488	-1.83	93.1	0.4	111.3	3.7	113.2	5.6
2008	NBA	Toronto Raptors	33	49	0.402	-2.54	92	0.3	107	-1.3	110	1.7
2007	NBA	Toronto Raptors	41	41	0.5	2.47	90.2	-2.2	110.2	2.7	107	-0.5
2006	NBA	Toronto Raptors	47	35	0.573	0.61	92.6	0.7	107	0.5	106	-0.5
2005	NBA	Toronto Raptors	27	55	0.329	-3.03	91.1	0.6	109.5	3.3	112.7	6.5
2004	NBA	Toronto Raptors	33	49	0.402	-1.81	92.7	1.8	106.9	0.8	108.7	2.6
2003	NBA	Toronto Raptors	33	49	0.402	-3.42	86.8	-3.3	97	-5.9	100.4	-2.5
2002	NBA	Toronto Raptors	24	58	0.293	-6.1	89.9	-1.1	100.5	-3.1	107	3.4
2001	NBA	Toronto Raptors	42	40	0.512	-0.71	88.8	-1.9	102.6	-1.9	103.1	-1.4
2000	NBA	Toronto Raptors	47	35	0.573	1.69	90.9	-0.4	105.9	2.9	103.4	0.4
1999	NBA	Toronto Raptors	45	37	0.549	-0.46	92.5	-0.6	104.7	0.6	104.9	0.8
1998	NBA	Toronto Raptors	23	27	0.46	-1.32	88.8	-0.1	102	-0.2	103.9	1.7
1997	NBA	Toronto Raptors	16	66	0.195	-8.33	92.6	2.3	101.2	-3.8	111	6
1996	NBA	Toronto Raptors	30	52	0.366	-2.56	90.6	0.5	104.6	-2.1	108	1.3
1995	NBA	Toronto Raptors	21	61	0.256	-7.2	93.2	1.4	103.8	-3.8	111.8	4.2
2018	NBA	Utah Jazz	45	30	0.6	5.14	100.2	0.2	110.4	0.2	105.4	-4.8
2017	NBA	Utah Jazz	48	34	0.585	4.47	95.7	-1.6	108.4	-0.2	103.9	-4.7
2016	NBA	Utah Jazz	51	31	0.622	4	91.6	-4.8	109.6	0.8	105.3	-3.5
2015	NBA	Utah Jazz	40	42	0.488	1.84	91	-4.8	105.9	-0.5	103.9	-2.5
2014	NBA	Utah Jazz	38	44	0.463	0.71	90.4	-3.5	105.1	-0.5	104.9	-0.7
2013	NBA	Utah Jazz	25	57	0.305	-6.27	91.4	-2.5	103.5	-3.2	111.3	4.6
2012	NBA	Utah Jazz	43	39	0.524	0.3	90.9	-1.1	106.7	0.8	106.8	0.9
2011	NBA	Utah Jazz	36	30	0.545	0.92	91.4	0.1	106.8	2.2	106.1	1.5
2010	NBA	Utah Jazz	39	43	0.476	-1.44	91	-1.1	108.1	0.8	110.1	2.8
2009	NBA	Utah Jazz	53	29	0.646	5.33	93.8	1.1	110.7	3.1	105	-2.6
2008	NBA	Utah Jazz	48	34	0.585	2.31	93.1	1.4	110.1	1.8	107.3	-1
2007	NBA	Utah Jazz	54	28	0.659	6.86	93.2	0.8	113.8	6.3	106.5	-1
2006	NBA	Utah Jazz	51	31	0.622	3.06	91.6	-0.3	110.1	3.6	107	0.5
2005	NBA	Utah Jazz	41	41	0.5	-2.49	87.8	-2.7	104.1	-2.1	107	0.8
2004	NBA	Utah Jazz	26	56	0.317	-3.74	88.4	-2.5	104.7	-1.4	109.5	3.4
2003	NBA	Utah Jazz	42	40	0.512	-0.53	86.6	-3.5	101.9	-1	103.3	0.4
2002	NBA	Utah Jazz	47	35	0.573	2.76	89.3	-1.7	105.5	1.9	102.8	-0.8
2001	NBA	Utah Jazz	44	38	0.537	1.21	90.3	-0.4	105.6	1.1	104.6	0.1
2000	NBA	Utah Jazz	53	29	0.646	5	89.8	-1.5	107.6	4.6	102.4	-0.6
1999	NBA	Utah Jazz	55	27	0.671	4.52	89.6	-3.5	107.3	3.2	102.3	-1.8
1998	NBA	Utah Jazz	37	13	0.74	5.54	87	-1.9	105.8	3.6	98.4	-3.8
1997	NBA	Utah Jazz	62	20	0.756	5.73	89.2	-1.1	112.7	7.7	105.4	0.4
1996	NBA	Utah Jazz	64	18	0.78	7.97	90	-0.1	113.6	6.9	104	-2.7
1995	NBA	Utah Jazz	55	27	0.671	6.25	90	-1.8	113.3	5.7	106.1	-1.5
1994	NBA	Utah Jazz	60	22	0.732	7.76	92.6	-0.3	114.3	6	105.7	-2.6
1993	NBA	Utah Jazz	53	29	0.646	4.1	93.1	-2	108.6	2.3	104.1	-2.2
1992	NBA	Utah Jazz	47	35	0.573	1.74	96.5	-0.3	109.6	1.6	107.4	-0.6
1991	NBA	Utah Jazz	55	27	0.671	5.7	95.5	-1.1	112.2	4	105.6	-2.6
1990	NBA	Utah Jazz	54	28	0.659	3.18	95.3	-2.5	108.6	0.7	105.1	-2.8
1989	NBA	Utah Jazz	55	27	0.671	4.82	96.1	-2.2	110.3	2.2	105.4	-2.7
1988	NBA	Utah Jazz	51	31	0.622	4.01	98	-2.6	106.6	-1.2	101.5	-6.3
1987	NBA	Utah Jazz	47	35	0.573	2.96	101.5	1.9	106.8	-1.2	103.1	-4.9
1986	NBA	Utah Jazz	44	38	0.537	0.04	103.2	2.4	104.1	-4.2	103.7	-4.6
1985	NBA	Utah Jazz	42	40	0.512	-0.67	103.3	1.2	104.2	-3	104.6	-2.6
1984	NBA	Utah Jazz	41	41	0.5	-0.33	105.1	3	103.3	-4.6	103.4	-4.5
1983	NBA	Utah Jazz	45	37	0.549	0.81	104.9	3.5	109	1.4	108	0.4
1982	NBA	Utah Jazz	30	52	0.366	-4.22	107.3	4.2	101.2	-3.5	105.1	0.4
1981	NBA	Utah Jazz	25	57	0.305	-5.63	103.9	3	106.2	-0.7	111.7	4.8
1980	NBA	Utah Jazz	28	54	0.341	-5.99	97.7	-4.1	103.4	-2.1	109.4	3.9
1979	NBA	Utah Jazz	24	58	0.293	-5.71	97.6	-5.5	104.2	-1.1	110.4	5.1
1978	NBA	Utah Jazz	26	56	0.317	-5.97	108.6	2.8	99.6	-4.2	105.4	1.6
1977	NBA	Utah Jazz	39	43	0.476	-1.8	108.3	1.6	98.9	-2	100.6	-0.3
1976	NBA	Utah Jazz	35	47	0.427	-2.68	107.2	0.7	97	-2.5	99.7	0.2
1975	NBA	Utah Jazz	38	44	0.463	-0.74	106.7	1.2	96.6	-1.7	97.4	-0.9
1974	NBA	Utah Jazz	23	59	0.28	-7.3	109.4	4.9	92.5	-5.2	99.7	2
2018	NBA	Washington Wizards	31	45	0.408	-3.17	101.4	1.4	111.2	1	113.9	3.7
2017	NBA	Washington Wizards	43	39	0.524	0.53	96.6	-0.7	109.3	0.7	108.7	0.1
2016	NBA	Washington Wizards	49	33	0.598	1.36	97.4	1	111.2	2.4	109.3	0.5
2015	NBA	Washington Wizards	41	41	0.5	-0.5	98.5	2.7	105.3	-1.1	105.8	-0.6
2014	NBA	Washington Wizards	46	36	0.561	0.17	93.7	-0.2	103.7	-1.9	103	-2.6
2013	NBA	Washington Wizards	44	38	0.537	0.48	93.2	-0.7	106	-0.7	104.6	-2.1
2012	NBA	Washington Wizards	29	53	0.354	-2.78	92.2	0.2	100.2	-5.7	103	-2.9
2011	NBA	Washington Wizards	20	46	0.303	-5.14	92.5	1.2	101	-3.6	106.2	1.6
2010	NBA	Washington Wizards	23	59	0.28	-7.3	93.8	1.7	102.4	-4.9	110.2	2.9
2009	NBA	Washington Wizards	26	56	0.317	-4.72	91.6	-1.1	104.2	-3.4	109.4	1.8
2008	NBA	Washington Wizards	19	63	0.232	-6.98	91	-0.7	105.4	-2.9	113.6	5.3
2007	NBA	Washington Wizards	43	39	0.524	-0.61	89.5	-2.9	109.2	1.7	109.6	2.1
2006	NBA	Washington Wizards	41	41	0.5	-0.8	94.1	2.2	110.1	3.6	110.6	4.1
2005	NBA	Washington Wizards	42	40	0.512	1.57	92.3	1.8	109.3	3.1	107.3	1.1
2004	NBA	Washington Wizards	45	37	0.549	-0.71	93.3	2.4	107.2	1.1	107.5	1.4
2003	NBA	Washington Wizards	25	57	0.305	-6.12	92.2	2.1	98.8	-4.1	104.8	1.9
2002	NBA	Washington Wizards	37	45	0.451	-1.47	88.2	-2.8	103	-0.6	104.1	0.5
2001	NBA	Washington Wizards	37	45	0.451	-1.58	88.3	-2.4	104.8	0.3	106.4	1.9
2000	NBA	Washington Wizards	19	63	0.232	-6.75	92.7	1.4	100.6	-2.4	107.8	4.8
1999	NBA	Washington Wizards	29	53	0.354	-3.47	92.7	-0.4	103.5	-0.6	107	2.9
1998	NBA	Washington Wizards	18	32	0.36	-1.75	89.8	0.9	101.2	-1	103.7	1.5
1997	NBA	Washington Wizards	42	40	0.512	1.11	91.8	1.5	105.2	0.2	104.5	-0.5
1996	NBA	Washington Wizards	44	38	0.537	1.77	92.4	2.3	106.6	-0.1	104.9	-1.8
1995	NBA	Washington Wizards	39	43	0.476	0.99	93.7	1.9	108.7	1.1	107.6	0
1994	NBA	Washington Wizards	21	61	0.256	-5.56	94.5	1.6	105.4	-2.9	111.3	3
1993	NBA	Washington Wizards	24	58	0.293	-7.13	95.9	0.8	104.5	-1.8	112.2	5.9
1992	NBA	Washington Wizards	22	60	0.268	-6.49	97.7	0.9	103.6	-4.4	110.8	2.8
1991	NBA	Washington Wizards	25	57	0.305	-4.35	97.7	1.1	103.9	-4.3	108.4	0.2
1990	NBA	Washington Wizards	30	52	0.366	-4.84	97.5	-0.3	103	-4.9	108.1	0.2
1989	NBA	Washington Wizards	31	51	0.378	-2.43	99.4	1.1	107.5	-0.6	109.7	1.6
1988	NBA	Washington Wizards	40	42	0.488	-1.77	100.8	0.2	106.4	-1.4	108.5	0.7
1987	NBA	Washington Wizards	38	44	0.463	-0.16	98.1	-1.5	106.5	-1.5	107.2	-0.8
1986	NBA	Washington Wizards	42	40	0.512	-1.02	100.2	-0.6	105.7	-2.6	107	-1.3
1985	NBA	Washington Wizards	39	43	0.476	-1.28	99.1	-3	103	-4.2	104.8	-2.4
1984	NBA	Washington Wizards	40	42	0.488	0.15	100.3	-1.8	104.3	-3.6	104.6	-3.3
1983	NBA	Washington Wizards	35	47	0.427	-2.36	97.4	-4	104.2	-3.4	107.2	-0.4
1982	NBA	Washington Wizards	42	40	0.512	0.2	99.4	-3.7	99.1	-5.6	99.3	-5.4
1981	NBA	Washington Wizards	43	39	0.524	1.06	99.4	-1.5	103.3	-3.6	102.5	-4.4
1980	NBA	Washington Wizards	39	43	0.476	0.42	102.4	0.6	102.7	-2.8	102.7	-2.8
1979	NBA	Washington Wizards	39	43	0.476	-2.27	102.6	-0.5	103.2	-2.1	105.7	0.4
1978	NBA	Washington Wizards	54	28	0.659	4.75	106.5	0.7	107.4	3.6	102.7	-1.1
1977	NBA	Washington Wizards	44	38	0.537	0.82	108.1	1.4	101.3	0.4	100.5	-0.4
1976	NBA	Washington Wizards	48	34	0.585	0.9	105.9	-0.6	99.3	-0.2	98.4	-1.1
1975	NBA	Washington Wizards	48	34	0.585	2.2	104.3	-1.2	97.5	-0.8	95.3	-3
1974	NBA	Washington Wizards	60	22	0.732	6.53	106.1	1.6	98	0.3	91.3	-6.4
1973	NBA	Washington Wizards	47	35	0.573	1.19	106.3	-1.5	95.6	-2.1	94.2	-3.5
