,Unnamed: 0,age,assists,attempted_field_goals,attempted_free_throws,attempted_three_point_field_goals,blocks,defensive_rebounds,games_played,games_started,made_field_goals,made_free_throws,made_three_point_field_goals,minutes_played,name,offensive_rebounds,personal_fouls,positions,slug,steals,team,turnovers,filename
0,0,29,149,632,278,22,42,251,72,30,332,218,5,1961,Shareef Abdur-Rahim,106,227,['POWER FORWARD'],abdursh01,48,SACRAMENTO KINGS,108,totals_2006.csv
1,1,23,4,16,0,5,0,4,5,0,4,0,1,35,Alex Acker,1,4,['SHOOTING GUARD'],ackeral01,1,DETROIT PISTONS,4,totals_2006.csv
2,2,27,20,247,38,1,16,96,54,20,121,23,1,701,Malik Allen,44,92,['POWER FORWARD'],allenma01,14,CHICAGO BULLS,34,totals_2006.csv
3,3,30,286,1500,359,653,16,261,78,78,681,324,269,3022,Ray Allen*,71,151,['SHOOTING GUARD'],allenra02,105,SEATTLE SUPERSONICS,188,totals_2006.csv
4,4,24,67,274,134,34,18,79,51,9,129,100,11,978,Tony Allen,32,126,['POINT GUARD'],allento01,51,BOSTON CELTICS,67,totals_2006.csv
5,5,29,425,738,143,312,15,219,63,63,280,99,102,2431,Rafer Alston,36,194,['POINT GUARD'],alstora01,101,HOUSTON ROCKETS,157,totals_2006.csv
6,6,27,6,98,103,0,41,94,32,2,56,49,0,570,Chris Andersen,61,84,['CENTER'],anderch01,8,NEW ORLEANS/OKLAHOMA CITY HORNETS,26,totals_2006.csv
7,7,23,32,181,41,58,4,47,36,7,75,33,24,564,Alan Anderson,23,48,['SMALL FORWARD'],anderal01,11,CHARLOTTE BOBCATS,32,totals_2006.csv
8,8,31,53,173,73,67,4,71,20,8,68,61,19,582,Derek Anderson,12,49,['SHOOTING GUARD'],anderde01,15,HOUSTON ROCKETS,37,totals_2006.csv
9,9,31,48,130,38,67,2,51,23,3,40,32,21,465,Derek Anderson,9,49,['SHOOTING GUARD'],anderde01,8,MIAMI HEAT,17,totals_2006.csv
10,10,32,30,126,18,19,6,63,48,1,54,13,5,638,Shandon Anderson,18,75,['SMALL FORWARD'],andersh01,17,MIAMI HEAT,24,totals_2006.csv
11,11,19,0,1,0,0,0,3,6,0,0,0,0,9,Martynas Andriuškevičius,1,1,['CENTER'],andrima01,2,CLEVELAND CAVALIERS,0,totals_2006.csv
12,12,21,216,1572,709,152,42,272,80,80,756,573,37,2941,Carmelo Anthony,122,229,['SMALL FORWARD'],anthoca01,88,DENVER NUGGETS,218,totals_2006.csv
13,13,25,15,145,28,1,6,101,52,34,53,15,0,601,Rafael Araújo,43,104,['CENTER'],araujra01,24,TORONTO RAPTORS,42,totals_2006.csv
14,14,24,484,1668,799,540,25,221,80,80,746,655,199,3384,Gilbert Arenas,59,286,['POINT GUARD'],arenagi01,161,WASHINGTON WIZARDS,297,totals_2006.csv
15,15,20,46,146,77,3,9,88,36,10,61,42,1,709,Trevor Ariza,49,78,['SMALL FORWARD'],arizatr01,43,NEW YORK KNICKS,46,totals_2006.csv
16,16,20,15,80,50,2,2,52,21,0,32,35,0,290,Trevor Ariza,29,22,['SMALL FORWARD'],arizatr01,14,ORLANDO MAGIC,16,totals_2006.csv
17,17,37,86,128,42,48,3,63,62,2,43,33,11,622,Darrell Armstrong,18,71,['POINT GUARD'],armstda01,27,DALLAS MAVERICKS,58,totals_2006.csv
18,18,26,155,157,58,6,3,46,50,0,57,42,2,600,Carlos Arroyo,24,77,['POINT GUARD'],arroyca01,19,DETROIT PISTONS,45,totals_2006.csv
19,19,26,77,221,79,14,1,51,27,0,111,64,5,594,Carlos Arroyo,9,42,['SHOOTING GUARD'],arroyca01,19,ORLANDO MAGIC,38,totals_2006.csv
20,20,31,69,174,31,92,0,33,28,2,66,22,33,552,Chucky Atkins,12,58,['SHOOTING GUARD'],atkinch01,14,WASHINGTON WIZARDS,30,totals_2006.csv
21,21,31,129,399,132,182,2,64,43,39,160,107,64,1161,Chucky Atkins,11,94,['POINT GUARD'],atkinch01,29,MEMPHIS GRIZZLIES,57,totals_2006.csv
22,22,37,23,73,30,0,6,35,36,3,25,21,0,385,Stacey Augmon,18,40,['SMALL FORWARD'],augmost01,12,ORLANDO MAGIC,11,totals_2006.csv
23,23,34,4,15,18,0,4,17,8,1,7,13,0,85,Vin Baker,2,13,['CENTER'],bakervi01,4,LOS ANGELES CLIPPERS,9,totals_2006.csv
24,24,24,32,80,30,19,0,15,18,1,33,27,6,269,Marcus Banks,4,38,['POINT GUARD'],banksma01,7,BOSTON CELTICS,23,totals_2006.csv
25,25,24,188,388,117,44,11,97,40,28,186,91,16,1228,Marcus Banks,19,124,['POINT GUARD'],banksma01,47,MINNESOTA TIMBERWOLVES,96,totals_2006.csv
26,26,23,158,567,147,196,6,119,57,11,273,111,87,1592,Leandro Barbosa,31,145,['SHOOTING GUARD'],barbole01,48,PHOENIX SUNS,89,totals_2006.csv
27,27,25,6,30,4,4,0,17,6,5,11,3,1,93,Matt Barnes,7,8,['SMALL FORWARD'],barnema02,4,NEW YORK KNICKS,6,totals_2006.csv
28,28,25,22,110,43,11,7,56,50,0,59,29,2,538,Matt Barnes,41,92,['POWER FORWARD'],barnema02,16,PHILADELPHIA 76ERS,24,totals_2006.csv
29,29,23,2,7,3,1,0,2,2,0,3,3,0,21,Andre Barrett,1,1,['POINT GUARD'],barrean01,0,PHOENIX SUNS,1,totals_2006.csv
30,30,23,50,97,9,13,0,14,17,0,35,6,2,261,Andre Barrett,8,12,['POINT GUARD'],barrean01,10,TORONTO RAPTORS,14,totals_2006.csv
31,31,24,0,16,4,0,0,8,8,0,5,3,0,45,Earl Barron,2,10,['CENTER'],barroea01,0,MIAMI HEAT,5,totals_2006.csv
32,32,34,123,345,59,202,27,130,74,5,156,39,80,1259,Brent Barry,29,99,['SHOOTING GUARD'],barrybr01,39,SAN ANTONIO SPURS,52,totals_2006.csv
33,33,36,26,65,29,32,1,30,20,0,25,24,12,342,Jon Barry,1,25,['SHOOTING GUARD'],barryjo01,13,HOUSTON ROCKETS,22,totals_2006.csv
34,34,22,8,37,10,7,2,21,19,0,15,8,1,141,Eddie Basden,7,17,['SMALL FORWARD'],basdeed01,9,CHICAGO BULLS,9,totals_2006.csv
35,35,20,3,70,19,0,7,50,29,1,28,12,0,268,Brandon Bass,18,18,['POWER FORWARD'],bassbr01,3,NEW ORLEANS/OKLAHOMA CITY HORNETS,11,totals_2006.csv
36,36,22,7,80,53,1,11,83,57,3,34,33,0,495,Esteban Batista,61,111,['POWER FORWARD'],batises01,15,ATLANTA HAWKS,38,totals_2006.csv
37,37,29,49,552,134,6,69,312,82,82,280,89,0,2215,Tony Battie,145,250,['CENTER'],battito01,46,ORLANDO MAGIC,88,totals_2006.csv
38,38,27,136,621,208,165,114,265,81,81,303,147,65,2839,Shane Battier,164,223,['SMALL FORWARD'],battish01,92,MEMPHIS GRIZZLIES,90,totals_2006.csv
39,39,27,2,72,19,0,7,46,23,0,33,16,0,281,Lonny Baxter,38,48,['CENTER'],baxtelo01,9,HOUSTON ROCKETS,13,totals_2006.csv
40,40,27,2,32,16,0,1,26,18,0,12,12,0,119,Lonny Baxter,7,8,['POWER FORWARD'],baxtelo01,2,CHARLOTTE BOBCATS,7,totals_2006.csv
41,41,26,130,410,89,168,5,99,59,6,180,63,71,1283,Charlie Bell,21,126,['SHOOTING GUARD'],bellch01,59,MILWAUKEE BUCKS,41,totals_2006.csv
42,42,29,207,930,146,446,22,209,79,79,425,115,197,2959,Raja Bell,44,248,['SHOOTING GUARD'],bellra01,76,PHOENIX SUNS,89,totals_2006.csv
43,43,25,2,5,2,0,1,4,2,0,4,2,0,21,Jonathan Bender,0,2,['SMALL FORWARD'],bendejo01,0,INDIANA PACERS,0,totals_2006.csv
44,44,27,444,1382,403,497,10,211,82,82,597,342,192,3167,Mike Bibby,29,169,['POINT GUARD'],bibbymi01,82,SACRAMENTO KINGS,199,totals_2006.csv
45,45,19,24,185,72,0,47,159,68,2,118,22,0,1000,Andris Biedriņš,124,190,['CENTER'],biedran01,23,GOLDEN STATE WARRIORS,34,totals_2006.csv
46,46,29,699,1012,520,425,8,211,81,81,423,465,184,2925,Chauncey Billups,41,160,['POINT GUARD'],billuch01,71,DETROIT PISTONS,170,totals_2006.csv
47,47,25,306,470,91,184,5,120,68,57,206,72,76,1781,Steve Blake,26,107,['POINT GUARD'],blakest01,42,PORTLAND TRAIL BLAZERS,83,totals_2006.csv
48,48,19,10,67,12,13,7,26,29,0,26,10,3,175,Andray Blatche,12,36,['POWER FORWARD'],blatcan01,5,WASHINGTON WIZARDS,12,totals_2006.csv
49,49,30,66,380,127,0,36,126,39,25,194,97,0,1083,Mark Blount,36,107,['CENTER'],blounma01,15,BOSTON CELTICS,120,totals_2006.csv
50,50,30,33,354,95,0,40,143,42,30,179,71,0,1157,Mark Blount,60,147,['CENTER'],blounma01,25,MINNESOTA TIMBERWOLVES,74,totals_2006.csv
51,51,25,45,288,105,98,3,77,39,9,114,80,33,848,Keith Bogans,29,78,['SHOOTING GUARD'],boganke01,39,CHARLOTTE BOBCATS,41,totals_2006.csv
52,52,25,83,256,81,102,6,123,33,22,101,47,32,1064,Keith Bogans,26,89,['SMALL FORWARD'],boganke01,32,HOUSTON ROCKETS,49,totals_2006.csv
53,53,21,192,606,194,3,68,384,82,77,323,122,0,2348,Andrew Bogut,189,259,['POWER FORWARD'],bogutan01,49,MILWAUKEE BUCKS,125,totals_2006.csv
54,54,25,56,467,76,243,31,198,78,6,209,63,102,1710,Matt Bonner,86,216,['POWER FORWARD'],bonnema01,49,TORONTO RAPTORS,32,totals_2006.csv
55,55,29,12,47,9,2,9,33,33,2,20,5,1,250,Calvin Booth,19,44,['CENTER'],boothca01,9,WASHINGTON WIZARDS,8,totals_2006.csv
56,56,24,88,399,137,0,8,212,33,19,219,99,0,1025,Carlos Boozer,73,105,['POWER FORWARD'],boozeca01,30,UTAH JAZZ,69,totals_2006.csv
57,57,21,181,1087,581,13,79,443,70,70,549,474,0,2751,Chris Bosh,204,209,['CENTER'],boshch01,50,TORONTO RAPTORS,157,totals_2006.csv
58,58,34,126,536,84,245,30,285,82,82,232,51,104,2755,Bruce Bowen,35,191,['SMALL FORWARD'],bowenbr01,79,SAN ANTONIO SPURS,67,totals_2006.csv
59,59,30,24,124,14,22,6,57,68,19,37,11,3,652,Ryan Bowen,31,85,['SMALL FORWARD'],bowenry01,21,HOUSTON ROCKETS,13,totals_2006.csv
60,60,29,230,661,174,179,4,60,60,0,271,152,62,1542,Earl Boykins,21,73,['POINT GUARD'],boykiea01,48,DENVER NUGGETS,83,totals_2006.csv
61,61,26,17,79,3,5,7,67,46,1,32,2,1,367,Michael Bradley,40,39,['POWER FORWARD'],bradlmi01,5,PHILADELPHIA 76ERS,19,totals_2006.csv
62,62,26,208,1435,568,3,201,554,79,79,756,440,1,3099,Elton Brand,236,227,['POWER FORWARD'],brandel01,81,LOS ANGELES CLIPPERS,173,totals_2006.csv
63,63,26,45,791,224,2,32,259,79,79,409,164,0,2165,Primož Brezec,181,227,['CENTER'],brezepr01,19,CHARLOTTE BOBCATS,85,totals_2006.csv
64,64,27,104,527,212,118,14,134,81,14,207,158,39,1711,Devin Brown,73,153,['SHOOTING GUARD'],brownde02,44,UTAH JAZZ,99,totals_2006.csv
65,65,23,72,388,235,1,46,291,72,49,204,128,0,1978,Kwame Brown,182,196,['CENTER'],brownkw01,27,LOS ANGELES LAKERS,100,totals_2006.csv
66,66,36,90,583,168,0,50,365,75,73,269,139,0,2380,P.J. Brown,182,216,['CENTER'],brownpj01,46,NEW ORLEANS/OKLAHOMA CITY HORNETS,90,totals_2006.csv
67,67,33,2,8,0,1,0,2,4,0,5,0,0,31,Rick Brunson,0,1,['POINT GUARD'],brunsri01,0,SEATTLE SUPERSONICS,3,totals_2006.csv
68,68,33,33,46,12,12,1,19,23,0,16,7,5,215,Rick Brunson,1,21,['POINT GUARD'],brunsri01,8,HOUSTON ROCKETS,19,totals_2006.csv
69,69,27,360,2173,819,518,30,354,80,80,978,696,180,3277,Kobe Bryant,71,233,['SHOOTING GUARD'],bryanko01,147,LOS ANGELES LAKERS,250,totals_2006.csv
70,70,29,127,417,55,243,20,178,73,27,181,43,86,1758,Greg Buckner,31,180,['SHOOTING GUARD'],buckngr01,87,DENVER NUGGETS,52,totals_2006.csv
71,71,32,16,127,21,7,13,52,42,0,63,13,2,346,Pat Burke,21,62,['CENTER'],burkepa01,6,PHOENIX SUNS,33,totals_2006.csv
72,72,25,76,144,23,6,0,33,57,1,51,10,1,570,Antonio Burks,4,45,['POINT GUARD'],burksan01,20,MEMPHIS GRIZZLIES,36,totals_2006.csv
73,73,26,48,88,17,54,2,22,39,1,22,16,10,340,Kevin Burleson,4,63,['POINT GUARD'],burleke01,26,CHARLOTTE BOBCATS,25,totals_2006.csv
74,74,25,186,1086,332,120,18,352,75,54,494,289,41,2708,Caron Butler,114,238,['SMALL FORWARD'],butleca01,127,WASHINGTON WIZARDS,175,totals_2006.csv
75,75,20,25,215,77,0,31,116,55,0,117,58,0,740,Jackie Butler,67,127,['CENTER'],butleja01,17,NEW YORK KNICKS,62,totals_2006.csv
76,76,26,40,633,114,242,45,181,79,20,257,79,92,1875,Rasual Butler,51,142,['SMALL FORWARD'],butlera01,33,NEW ORLEANS/OKLAHOMA CITY HORNETS,65,totals_2006.csv
77,77,18,9,82,27,0,22,46,46,0,33,8,0,338,Andrew Bynum,34,56,['CENTER'],bynuman01,4,LOS ANGELES LAKERS,17,totals_2006.csv
78,78,23,19,52,16,9,0,9,15,0,21,10,2,162,Will Bynum,3,10,['POINT GUARD'],bynumwi01,7,GOLDEN STATE WARRIORS,14,totals_2006.csv
79,79,24,20,174,84,20,7,74,61,0,67,60,5,505,Žarko Čabarkapa,37,87,['POWER FORWARD'],cabarza01,13,GOLDEN STATE WARRIORS,35,totals_2006.csv
80,80,24,288,312,92,43,4,111,64,11,132,78,7,1487,José Calderón,30,93,['SHOOTING GUARD'],caldejo01,42,TORONTO RAPTORS,101,totals_2006.csv
81,81,31,115,649,156,11,184,536,56,54,302,111,1,1857,Marcus Camby,132,158,['CENTER'],cambyma01,79,DENVER NUGGETS,92,totals_2006.csv
82,82,28,33,111,27,29,0,44,36,0,46,19,13,402,Brian Cardinal,11,65,['POWER FORWARD'],cardibr01,23,MEMPHIS GRIZZLIES,27,totals_2006.csv
83,83,25,35,476,168,185,11,123,78,6,192,138,72,1275,Matt Carroll,34,120,['SHOOTING GUARD'],carroma01,47,CHARLOTTE BOBCATS,48,totals_2006.csv
84,84,30,101,137,55,15,9,53,45,8,53,40,4,589,Anthony Carter,9,71,['POINT GUARD'],cartean01,24,MINNESOTA TIMBERWOLVES,40,totals_2006.csv
85,85,29,338,1518,601,367,53,327,79,79,653,480,125,2906,Vince Carter,135,235,['SHOOTING GUARD'],cartevi01,94,NEW JERSEY NETS,213,totals_2006.csv
86,86,36,491,1112,335,190,11,247,78,75,493,289,70,2653,Sam Cassell,40,225,['POINT GUARD'],cassesa01,74,LOS ANGELES CLIPPERS,175,totals_2006.csv
87,87,31,2,72,35,0,10,44,23,0,31,26,0,299,Kelvin Cato,19,48,['CENTER'],catoke01,6,ORLANDO MAGIC,16,totals_2006.csv
88,88,31,2,12,0,0,2,6,4,0,5,0,0,34,Kelvin Cato,1,4,['CENTER'],catoke01,0,DETROIT PISTONS,2,totals_2006.csv
89,89,23,81,283,193,1,104,449,79,50,160,97,0,2121,Tyson Chandler,265,298,['CENTER'],chandty01,41,CHICAGO BULLS,123,totals_2006.csv
90,90,34,19,108,8,8,2,41,42,0,42,8,0,448,Calbert Cheaney,20,38,['SMALL FORWARD'],cheanca01,13,GOLDEN STATE WARRIORS,17,totals_2006.csv
91,91,22,131,504,201,65,39,253,74,10,278,154,32,2249,Josh Childress,134,184,['SMALL FORWARD'],childjo01,86,ATLANTA HAWKS,101,totals_2006.csv
92,92,35,14,26,12,1,1,11,7,7,9,8,0,185,Doug Christie,2,10,['SHOOTING GUARD'],chrisdo01,9,DALLAS MAVERICKS,6,totals_2006.csv
93,93,27,339,736,320,63,6,154,71,3,304,246,17,2019,Speedy Claxton,39,177,['POINT GUARD'],claxtsp01,108,NEW ORLEANS/OKLAHOMA CITY HORNETS,154,totals_2006.csv
94,94,28,42,71,24,16,2,12,27,0,25,19,4,230,Mateen Cleaves,2,30,['POINT GUARD'],cleavma01,3,SEATTLE SUPERSONICS,14,totals_2006.csv
95,95,27,97,280,219,0,27,199,79,41,129,157,0,1730,Jarron Collins,134,252,['CENTER'],collija03,36,UTAH JAZZ,61,totals_2006.csv
96,96,27,70,262,86,12,40,249,71,70,104,44,3,1895,Jason Collins,93,251,['CENTER'],collija04,46,NEW JERSEY NETS,61,totals_2006.csv
97,97,25,74,394,113,3,35,225,66,27,207,79,0,1448,Nick Collison,143,213,['POWER FORWARD'],collini01,21,SEATTLE SUPERSONICS,77,totals_2006.csv
98,98,25,74,511,101,84,32,186,81,46,261,84,36,1535,Brian Cook,88,205,['POWER FORWARD'],cookbr01,37,LOS ANGELES LAKERS,61,totals_2006.csv
99,99,25,301,879,357,293,15,212,79,27,366,295,101,2555,Jamal Crawford,36,150,['SHOOTING GUARD'],crawfja01,87,NEW YORK KNICKS,175,totals_2006.csv
100,100,30,62,285,102,140,7,203,50,26,132,90,54,1148,Austin Croshere,62,105,['POWER FORWARD'],croshau01,22,INDIANA PACERS,48,totals_2006.csv
101,101,23,19,597,486,0,56,287,72,69,336,307,0,1865,Eddy Curry,145,239,['CENTER'],curryed01,28,NEW YORK KNICKS,179,totals_2006.csv
102,102,24,25,369,132,1,160,382,66,52,196,93,0,1761,Samuel Dalembert,159,244,['CENTER'],dalemsa01,34,PHILADELPHIA 76ERS,107,totals_2006.csv
103,103,30,51,347,215,0,106,367,82,36,171,127,0,1934,Erick Dampier,273,263,['CENTER'],dampier01,27,DALLAS MAVERICKS,115,totals_2006.csv
104,104,30,284,550,336,101,8,153,80,17,230,284,23,2283,Antonio Daniels,19,96,['SHOOTING GUARD'],daniean01,52,WASHINGTON WIZARDS,89,totals_2006.csv
105,105,25,172,512,183,19,13,143,62,29,246,138,4,1766,Marquis Daniels,81,143,['SHOOTING GUARD'],daniema01,67,DALLAS MAVERICKS,100,totals_2006.csv
106,106,37,14,159,61,1,9,97,36,31,68,45,0,749,Antonio Davis,75,99,['POWER FORWARD'],davisan01,20,NEW YORK KNICKS,43,totals_2006.csv
107,107,37,7,31,20,0,1,21,8,8,14,7,0,191,Antonio Davis,15,26,['CENTER'],davisan01,3,TORONTO RAPTORS,8,totals_2006.csv
108,108,26,480,861,289,324,14,191,54,48,335,195,102,1971,Baron Davis,45,165,['POINT GUARD'],davisba01,89,GOLDEN STATE WARRIORS,159,totals_2006.csv
109,109,36,6,24,15,1,9,32,28,2,9,8,0,178,Dale Davis,21,23,['CENTER'],davisda01,0,DETROIT PISTONS,4,totals_2006.csv
110,110,25,1,4,0,1,0,1,4,0,1,0,0,12,Josh Davis,2,2,['POWER FORWARD'],davisjo02,1,MILWAUKEE BUCKS,1,totals_2006.csv
111,111,25,0,0,0,0,0,0,1,0,0,0,0,0,Josh Davis,0,1,['POWER FORWARD'],davisjo02,0,HOUSTON ROCKETS,0,totals_2006.csv
112,112,25,0,3,3,1,0,0,1,0,1,2,0,5,Josh Davis,1,0,['POWER FORWARD'],davisjo02,1,PHOENIX SUNS,0,totals_2006.csv
113,113,26,221,709,164,125,9,147,42,42,329,129,40,1747,Ricky Davis,40,91,['SHOOTING GUARD'],davisri01,49,BOSTON CELTICS,115,totals_2006.csv
114,114,26,173,595,181,117,8,139,36,36,255,146,33,1460,Ricky Davis,25,99,['SMALL FORWARD'],davisri01,42,MINNESOTA TIMBERWOLVES,98,totals_2006.csv
115,115,23,44,226,67,60,15,85,68,1,91,45,20,726,Carlos Delfino,28,86,['SHOOTING GUARD'],delfica01,21,DETROIT PISTONS,36,totals_2006.csv
116,116,32,0,1,2,0,0,1,1,0,0,2,0,7,Tony Delk,1,0,['SHOOTING GUARD'],delkto01,0,ATLANTA HAWKS,0,totals_2006.csv
117,117,32,33,160,25,47,1,38,23,0,71,18,20,378,Tony Delk,13,28,['POINT GUARD'],delkto01,13,DETROIT PISTONS,19,totals_2006.csv
118,118,20,147,954,276,78,50,389,78,56,442,207,21,2604,Luol Deng,127,128,['SMALL FORWARD'],denglu01,72,CHICAGO BULLS,105,totals_2006.csv
119,119,23,503,853,238,30,85,399,81,70,449,174,8,2874,Boris Diaw,159,260,['POWER FORWARD'],diawbo01,58,PHOENIX SUNS,189,totals_2006.csv
120,120,27,40,46,18,20,1,11,19,0,17,18,10,234,Dan Dickau,5,40,['POINT GUARD'],dickada01,11,BOSTON CELTICS,18,totals_2006.csv
121,121,23,16,69,6,57,0,17,23,0,29,5,25,246,Travis Diener,4,22,['POINT GUARD'],dienetr01,7,ORLANDO MAGIC,10,totals_2006.csv
122,122,22,29,334,168,0,30,134,69,14,175,136,0,1031,Ike Diogu,95,164,['POWER FORWARD'],dioguik01,15,GOLDEN STATE WARRIORS,78,totals_2006.csv
123,123,24,23,154,72,2,146,229,81,45,75,39,1,1510,DeSagana Diop,145,253,['CENTER'],diopde01,44,DALLAS MAVERICKS,36,totals_2006.csv
124,124,27,149,821,194,170,6,147,76,42,357,156,65,1920,Juan Dixon,30,157,['SHOOTING GUARD'],dixonju01,58,PORTLAND TRAIL BLAZERS,113,totals_2006.csv
125,125,28,8,88,30,0,7,62,31,3,37,24,0,371,Michael Doleac,23,45,['CENTER'],doleami01,10,MIAMI HEAT,14,totals_2006.csv
126,126,25,109,405,121,43,4,67,50,7,178,101,13,1137,Keyon Dooling,11,116,['POINT GUARD'],doolike01,49,ORLANDO MAGIC,82,totals_2006.csv
127,127,23,373,538,143,278,3,192,74,38,215,117,100,2155,Chris Duhon,28,152,['POINT GUARD'],duhonch01,70,CHICAGO BULLS,117,totals_2006.csv
128,128,29,253,1185,533,5,162,650,80,80,574,335,2,2784,Tim Duncan,231,219,['POWER FORWARD'],duncati01,70,SAN ANTONIO SPURS,198,totals_2006.csv
129,129,25,237,816,252,260,32,321,81,68,331,196,74,2578,Mike Dunleavy,78,199,['SMALL FORWARD'],dunlemi02,60,GOLDEN STATE WARRIORS,120,totals_2006.csv
130,130,25,14,63,41,1,0,28,36,0,33,14,0,265,Ronald Dupree,21,44,['SMALL FORWARD'],duprero01,12,MINNESOTA TIMBERWOLVES,14,totals_2006.csv
131,131,24,5,64,11,0,15,30,40,4,31,8,0,296,John Edwards,18,76,['CENTER'],edwarjo01,3,ATLANTA HAWKS,12,totals_2006.csv
132,132,33,25,17,0,4,0,13,13,0,4,0,1,112,Howard Eisley,1,11,['POINT GUARD'],eisleho01,3,LOS ANGELES CLIPPERS,3,totals_2006.csv
133,133,33,44,86,24,38,2,17,19,0,30,20,12,282,Howard Eisley,2,23,['POINT GUARD'],eisleho01,8,DENVER NUGGETS,18,totals_2006.csv
134,134,20,78,318,59,82,11,83,49,3,132,42,28,886,Monta Ellis,22,69,['SHOOTING GUARD'],ellismo01,32,GOLDEN STATE WARRIORS,58,totals_2006.csv
135,135,29,47,284,74,5,45,240,72,54,151,49,1,1579,Francisco Elson,99,211,['CENTER'],elsonfr01,54,DENVER NUGGETS,65,totals_2006.csv
136,136,27,76,425,192,2,44,183,57,22,216,128,0,1348,Melvin Ely,94,160,['POWER FORWARD'],elyme01,29,CHARLOTTE BOBCATS,100,totals_2006.csv
137,137,27,60,341,65,116,15,87,80,1,154,52,43,1139,Maurice Evans,76,122,['SHOOTING GUARD'],evansma01,41,DETROIT PISTONS,39,totals_2006.csv
138,138,25,23,173,120,1,5,162,41,23,88,66,0,788,Reggie Evans,114,95,['POWER FORWARD'],evansre01,24,SEATTLE SUPERSONICS,41,totals_2006.csv
139,139,25,15,95,97,0,5,169,26,2,43,49,0,605,Reggie Evans,57,71,['POWER FORWARD'],evansre01,16,DENVER NUGGETS,44,totals_2006.csv
140,140,22,84,255,46,78,6,62,66,5,97,36,22,971,Daniel Ewing,23,86,['SHOOTING GUARD'],ewingda01,37,LOS ANGELES CLIPPERS,57,totals_2006.csv
141,141,24,2,25,8,3,3,10,12,0,6,5,1,82,Noel Felix,3,13,['SMALL FORWARD'],felixno01,2,SEATTLE SUPERSONICS,8,totals_2006.csv
142,142,21,446,883,222,271,8,188,80,54,345,161,97,2406,Raymond Felton,77,181,['POINT GUARD'],feltora01,102,CHARLOTTE BOBCATS,182,totals_2006.csv
143,143,32,116,695,115,279,7,216,77,18,286,98,110,2038,Michael Finley,31,97,['SHOOTING GUARD'],finlemi01,37,SAN ANTONIO SPURS,62,totals_2006.csv
144,144,31,352,887,293,295,8,175,82,36,364,244,117,2589,Derek Fisher,36,237,['POINT GUARD'],fishede01,125,GOLDEN STATE WARRIORS,156,totals_2006.csv
145,145,23,33,89,23,26,5,23,18,1,30,17,7,239,Gerald Fitch,7,28,['POINT GUARD'],fitchge01,7,MIAMI HEAT,15,totals_2006.csv
146,146,27,1,17,2,1,0,6,3,0,9,1,1,39,Marcus Fizer,1,5,['POWER FORWARD'],fizerma01,0,NEW ORLEANS/OKLAHOMA CITY HORNETS,2,totals_2006.csv
147,147,24,0,3,0,0,1,2,3,0,2,0,0,13,Sharrod Ford,1,7,['POWER FORWARD'],fordsh02,0,PHOENIX SUNS,2,totals_2006.csv
148,148,22,473,789,248,104,7,248,72,70,328,187,35,2557,T.J. Ford,63,196,['POINT GUARD'],fordtj01,104,MILWAUKEE BUCKS,219,totals_2006.csv
149,149,29,2,51,43,0,2,47,23,1,27,33,0,276,Danny Fortson,31,76,['CENTER'],fortsda01,4,SEATTLE SUPERSONICS,26,totals_2006.csv
150,150,29,50,250,159,4,27,350,63,37,138,96,0,1581,Jeff Foster,224,191,['CENTER'],fosteje01,41,INDIANA PACERS,64,totals_2006.csv
151,151,30,33,300,67,0,125,281,77,72,152,41,0,1824,Adonal Foyle,143,215,['CENTER'],foylead01,44,GOLDEN STATE WARRIORS,80,totals_2006.csv
152,152,28,15,65,5,48,2,20,25,0,24,3,15,225,Richie Frahm,3,22,['SHOOTING GUARD'],frahmri01,3,MINNESOTA TIMBERWOLVES,4,totals_2006.csv
153,153,28,6,35,5,22,0,10,8,0,15,4,8,117,Richie Frahm,0,8,['SHOOTING GUARD'],frahmri01,1,HOUSTON ROCKETS,4,totals_2006.csv
154,154,28,262,575,290,70,11,159,46,45,249,231,18,1734,Steve Francis,60,142,['POINT GUARD'],francst01,51,ORLANDO MAGIC,156,totals_2006.csv
155,155,28,83,190,109,13,6,57,24,15,84,83,7,659,Steve Francis,14,62,['SHOOTING GUARD'],francst01,23,NEW YORK KNICKS,58,totals_2006.csv
156,156,22,53,640,229,9,47,236,65,14,305,189,3,1572,Channing Frye,138,200,['CENTER'],fryech01,30,NEW YORK KNICKS,97,totals_2006.csv
157,157,27,24,309,89,1,43,141,74,0,171,41,0,885,Dan Gadzuric,91,171,['CENTER'],gadzuda01,25,MILWAUKEE BUCKS,35,totals_2006.csv
158,158,23,0,0,0,0,0,0,2,0,0,0,0,5,Deng Gai,0,0,['CENTER'],gaide01,0,PHILADELPHIA 76ERS,0,totals_2006.csv
159,159,25,3,12,4,2,0,0,12,0,6,1,0,54,Reece Gaines,0,1,['POINT GUARD'],gainere01,1,MILWAUKEE BUCKS,1,totals_2006.csv
160,160,24,94,325,101,137,47,146,67,11,130,78,39,1301,Francisco García,39,135,['SMALL FORWARD'],garcifr01,41,SACRAMENTO KINGS,75,totals_2006.csv
161,161,29,308,1191,489,30,107,752,76,76,626,396,8,2957,Kevin Garnett,214,206,['POWER FORWARD'],garneke01,104,MINNESOTA TIMBERWOLVES,180,totals_2006.csv
162,162,29,38,242,37,129,9,77,57,0,101,30,50,938,Pat Garrity,31,108,['POWER FORWARD'],garripa01,12,ORLANDO MAGIC,38,totals_2006.csv
163,163,25,371,1194,617,12,153,522,80,80,600,425,3,3135,Pau Gasol,191,184,['POWER FORWARD'],gasolpa01,46,MEMPHIS GRIZZLIES,235,totals_2006.csv
164,164,28,68,425,86,160,34,192,71,5,170,58,50,1542,Devean George,82,159,['SMALL FORWARD'],georgde01,66,LOS ANGELES LAKERS,54,totals_2006.csv
165,165,27,12,45,23,23,1,15,41,0,10,18,7,122,Eddie Gill,0,13,['POINT GUARD'],gilled01,11,INDIANA PACERS,9,totals_2006.csv
166,166,28,235,669,360,217,26,188,65,56,309,280,83,1813,Manu Ginóbili,42,156,['SHOOTING GUARD'],ginobma01,101,SAN ANTONIO SPURS,121,totals_2006.csv
167,167,28,63,383,57,59,4,55,37,36,166,43,18,956,Gordan Giriček,15,87,['SHOOTING GUARD'],giricgo01,16,UTAH JAZZ,63,totals_2006.csv
168,168,34,2,7,0,2,0,1,3,0,1,0,0,22,Anthony Goldwire,0,0,['POINT GUARD'],goldwan01,0,LOS ANGELES CLIPPERS,1,totals_2006.csv
169,169,23,58,355,149,9,5,196,61,33,173,112,3,1376,Ryan Gomes,102,83,['POWER FORWARD'],gomesry01,35,BOSTON CELTICS,55,totals_2006.csv
170,170,24,56,652,258,3,49,428,79,79,334,176,1,2174,Drew Gooden,237,190,['POWER FORWARD'],goodedr01,52,CLEVELAND CAVALIERS,106,totals_2006.csv
171,171,22,240,1152,268,382,5,176,80,47,486,211,166,2482,Ben Gordon,43,238,['SHOOTING GUARD'],gordobe01,75,CHICAGO BULLS,180,totals_2006.csv
172,172,23,60,414,133,87,13,187,80,24,198,108,29,1581,Joey Graham,57,228,['SMALL FORWARD'],grahajo01,37,TORONTO RAPTORS,92,totals_2006.csv
173,173,23,3,16,4,5,0,6,6,0,6,4,1,38,Stephen Graham,1,5,['SHOOTING GUARD'],grahast01,2,HOUSTON ROCKETS,5,totals_2006.csv
174,174,23,1,5,2,4,0,3,3,0,1,2,1,20,Stephen Graham,0,3,['SHOOTING GUARD'],grahast01,0,CHICAGO BULLS,1,totals_2006.csv
175,175,23,3,33,9,1,2,13,13,0,14,8,0,117,Stephen Graham,4,23,['SHOOTING GUARD'],grahast01,3,CLEVELAND CAVALIERS,7,totals_2006.csv
176,176,22,90,478,148,93,62,253,78,17,221,115,30,1765,Danny Granger,131,211,['SMALL FORWARD'],grangda01,58,INDIANA PACERS,80,totals_2006.csv
177,177,33,7,65,8,0,3,46,21,2,27,7,0,248,Brian Grant,11,45,['CENTER'],grantbr01,5,PHOENIX SUNS,7,totals_2006.csv
178,178,23,7,28,21,2,0,14,27,0,6,13,0,135,Devin Green,10,13,['SHOOTING GUARD'],greende01,3,LOS ANGELES LAKERS,5,totals_2006.csv
179,179,20,18,138,37,20,4,31,32,3,66,29,6,374,Gerald Green,10,41,['SHOOTING GUARD'],greenge01,13,BOSTON CELTICS,22,totals_2006.csv
180,180,24,5,66,5,19,0,14,10,2,28,4,10,153,Willie Green,1,13,['SHOOTING GUARD'],greenwi01,2,PHILADELPHIA 76ERS,12,totals_2006.csv
181,181,23,129,253,68,40,10,108,80,5,100,45,9,1235,Orien Greene,37,181,['POINT GUARD'],greenor01,77,BOSTON CELTICS,109,totals_2006.csv
182,182,31,89,204,53,2,9,152,52,45,98,41,0,1245,Adrian Griffin,75,113,['SHOOTING GUARD'],griffad01,51,DALLAS MAVERICKS,39,totals_2006.csv
183,183,23,40,370,74,82,148,282,70,27,130,44,16,1359,Eddie Griffin,107,125,['CENTER'],griffed01,13,MINNESOTA TIMBERWOLVES,43,totals_2006.csv
184,184,26,9,38,14,15,0,16,12,0,19,9,5,108,Anthony Grundy,1,14,['SHOOTING GUARD'],grundan01,7,ATLANTA HAWKS,9,totals_2006.csv
185,185,27,275,1322,303,120,16,172,80,80,649,256,55,2825,Richard Hamilton,84,207,['SHOOTING GUARD'],hamilri01,52,DETROIT PISTONS,173,totals_2006.csv
186,186,30,0,13,16,0,0,8,11,0,7,11,0,46,Zendon Hamilton,3,4,['CENTER'],hamilze01,3,CLEVELAND CAVALIERS,6,totals_2006.csv
187,187,30,0,1,2,0,0,0,1,0,0,1,0,3,Zendon Hamilton,0,1,['CENTER'],hamilze01,1,PHILADELPHIA 76ERS,0,totals_2006.csv
188,188,34,8,14,2,1,0,10,4,0,4,2,0,72,Anfernee Hardaway,0,7,['SMALL FORWARD'],hardaan01,2,NEW YORK KNICKS,6,totals_2006.csv
189,189,29,98,678,313,39,14,210,71,32,322,227,14,1944,Matt Harpring,158,202,['SMALL FORWARD'],harprma01,59,UTAH JAZZ,109,totals_2006.csv
190,190,25,238,1220,350,191,14,391,76,76,551,243,66,2782,Al Harrington,132,301,['POWER FORWARD'],harrial01,85,ATLANTA HAWKS,195,totals_2006.csv
191,191,32,39,273,123,0,13,100,72,23,135,77,0,824,Othella Harrington,54,131,['CENTER'],harriot01,7,CHICAGO BULLS,61,totals_2006.csv
192,192,22,177,405,236,21,16,99,56,4,190,169,5,1275,Devin Harris,26,121,['POINT GUARD'],harride01,53,DALLAS MAVERICKS,84,totals_2006.csv
193,193,23,14,294,174,0,59,170,67,17,148,89,0,1034,David Harrison,84,193,['CENTER'],harrida01,23,INDIANA PACERS,79,totals_2006.csv
194,194,27,70,221,56,31,5,59,66,0,86,37,9,818,Jason Hart,12,85,['POINT GUARD'],hartja01,31,SACRAMENTO KINGS,43,totals_2006.csv
195,195,25,95,591,199,2,17,467,81,80,300,157,0,2491,Udonis Haslem,167,216,['POWER FORWARD'],hasleud01,50,MIAMI HEAT,80,totals_2006.csv
196,196,26,203,616,176,23,29,134,77,67,286,131,7,2514,Trenton Hassell,82,201,['SHOOTING GUARD'],hassetr01,43,MINNESOTA TIMBERWOLVES,124,totals_2006.csv
197,197,22,14,105,45,1,14,112,40,0,59,29,0,535,Chuck Hayes,67,76,['POWER FORWARD'],hayesch01,26,HOUSTON ROCKETS,12,totals_2006.csv
198,198,24,27,183,30,47,1,57,21,13,77,25,17,516,Jarvis Hayes,19,38,['SHOOTING GUARD'],hayesja01,16,WASHINGTON WIZARDS,22,totals_2006.csv
199,199,26,46,432,224,0,104,267,79,70,222,131,0,1879,Brendan Haywood,200,232,['CENTER'],haywobr01,30,WASHINGTON WIZARDS,97,totals_2006.csv
200,200,23,215,630,123,313,9,233,80,27,254,86,113,2310,Luther Head,33,169,['SHOOTING GUARD'],headlu01,89,HOUSTON ROCKETS,119,totals_2006.csv
201,201,33,10,91,49,0,12,77,51,3,47,33,0,531,Alan Henderson,60,58,['CENTER'],hendeal01,9,CLEVELAND CAVALIERS,22,totals_2006.csv
202,202,23,0,1,0,0,0,0,1,0,0,0,0,3,Nenê Hilário,0,1,['POWER FORWARD'],hilarne01,0,DENVER NUGGETS,2,totals_2006.csv
203,203,33,48,243,102,8,6,65,21,17,119,78,2,613,Grant Hill*,15,50,['SMALL FORWARD'],hillgr01,24,ORLANDO MAGIC,35,totals_2006.csv
204,204,25,514,1078,314,341,21,259,81,81,451,256,126,2955,Kirk Hinrich,29,251,['POINT GUARD'],hinriki01,94,CHICAGO BULLS,188,totals_2006.csv
205,205,22,6,13,8,0,0,2,14,0,5,3,0,33,Julius Hodge,5,7,['SHOOTING GUARD'],hodgeju01,2,DENVER NUGGETS,8,totals_2006.csv
206,206,26,0,1,0,0,0,0,4,0,1,0,0,11,Randy Holcomb,1,2,['SMALL FORWARD'],holcora01,0,CHICAGO BULLS,0,totals_2006.csv
207,207,35,79,292,68,144,51,171,63,3,112,44,53,1182,Robert Horry,71,115,['POWER FORWARD'],horryro01,43,SAN ANTONIO SPURS,41,totals_2006.csv
208,208,27,148,759,41,316,12,117,81,0,320,33,123,1421,Eddie House,15,96,['POINT GUARD'],houseed01,42,PHOENIX SUNS,76,totals_2006.csv
209,209,20,125,881,598,2,115,734,82,81,468,356,0,3021,Dwight Howard,288,277,['POWER FORWARD'],howardw01,65,ORLANDO MAGIC,217,totals_2006.csv
210,210,25,111,743,267,63,26,248,59,58,350,196,27,1915,Josh Howard,123,167,['SMALL FORWARD'],howarjo01,68,DALLAS MAVERICKS,79,totals_2006.csv
211,211,32,112,859,191,4,8,367,80,80,394,154,0,2537,Juwan Howard,168,235,['POWER FORWARD'],howarju01,49,HOUSTON ROCKETS,133,totals_2006.csv
212,212,29,106,333,52,101,4,36,36,0,127,48,40,800,Troy Hudson,8,55,['POINT GUARD'],hudsotr01,12,MINNESOTA TIMBERWOLVES,40,totals_2006.csv
213,213,27,131,469,193,76,21,135,36,31,192,146,28,1281,Larry Hughes,26,117,['SHOOTING GUARD'],hughela01,53,CLEVELAND CAVALIERS,99,totals_2006.csv
214,214,20,30,203,65,5,16,101,62,2,77,34,0,619,Kris Humphries,56,82,['POWER FORWARD'],humphkr01,23,UTAH JAZZ,31,totals_2006.csv
215,215,35,62,100,4,43,1,30,30,1,37,2,11,353,Lindsey Hunter,10,44,['POINT GUARD'],hunteli01,19,DETROIT PISTONS,20,totals_2006.csv
216,216,24,17,291,138,0,76,161,69,35,175,71,0,1312,Steven Hunter,110,120,['CENTER'],huntest01,12,PHILADELPHIA 76ERS,64,totals_2006.csv
217,217,22,255,688,349,158,21,364,82,82,344,263,56,3086,Andre Iguodala,117,198,['SMALL FORWARD'],iguodan01,135,PHILADELPHIA 76ERS,153,totals_2006.csv
218,218,30,91,889,380,5,136,346,78,78,450,317,0,2283,Zydrunas Ilgauskas,245,280,['CENTER'],ilgauzy01,38,CLEVELAND CAVALIERS,155,totals_2006.csv
219,219,25,2,60,20,1,25,37,43,1,32,10,0,237,Didier Ilunga-Mbenga,19,47,['CENTER'],mbengdj01,6,DALLAS MAVERICKS,16,totals_2006.csv
220,220,30,532,1822,829,223,10,188,72,72,815,675,72,3103,Allen Iverson*,44,121,['POINT GUARD'],iversal01,140,PHILADELPHIA 76ERS,248,totals_2006.csv
221,221,24,74,264,33,10,7,65,73,66,116,24,4,978,Royal Ivey,31,147,['POINT GUARD'],iveyro01,24,ATLANTA HAWKS,23,totals_2006.csv
222,222,22,219,428,160,76,2,142,79,4,189,128,20,1599,Jarrett Jack,18,138,['SHOOTING GUARD'],jackja01,41,PORTLAND TRAIL BLAZERS,102,totals_2006.csv
223,223,32,195,748,146,332,1,179,71,15,286,107,129,1775,Bobby Jackson,44,155,['POINT GUARD'],jacksbo01,61,MEMPHIS GRIZZLIES,101,totals_2006.csv
224,224,29,25,26,14,4,1,19,30,2,11,12,1,202,Jermaine Jackson,8,19,['POINT GUARD'],jacksje01,4,MILWAUKEE BUCKS,13,totals_2006.csv
225,225,35,31,129,13,63,6,53,27,1,38,9,14,420,Jim Jackson,11,46,['SMALL FORWARD'],jacksji01,10,PHOENIX SUNS,30,totals_2006.csv
226,226,35,4,31,0,11,0,12,13,0,9,0,4,92,Jim Jackson,0,5,['SMALL FORWARD'],jacksji01,2,LOS ANGELES LAKERS,5,totals_2006.csv
227,227,24,25,85,33,36,2,24,36,0,29,26,12,315,Luke Jackson,16,30,['SMALL FORWARD'],jackslu02,11,CLEVELAND CAVALIERS,31,totals_2006.csv
228,228,31,22,148,48,0,6,59,37,0,66,38,0,433,Marc Jackson,30,70,['CENTER'],jacksma02,5,NEW JERSEY NETS,28,totals_2006.csv
229,229,31,22,221,34,2,2,72,27,10,108,28,1,594,Marc Jackson,56,56,['CENTER'],jacksma02,8,NEW ORLEANS/OKLAHOMA CITY HORNETS,37,totals_2006.csv
230,230,27,225,1148,341,339,43,264,81,81,472,268,117,2910,Stephen Jackson,48,195,['SHOOTING GUARD'],jacksst02,104,INDIANA PACERS,203,totals_2006.csv
231,231,30,12,121,40,0,23,52,45,9,56,25,0,406,Jerome James,39,104,['CENTER'],jamesje01,3,NEW YORK KNICKS,51,totals_2006.csv
232,232,21,521,1823,814,379,66,481,79,79,875,601,127,3361,LeBron James,75,181,['SMALL FORWARD'],jamesle01,123,CLEVELAND CAVALIERS,260,totals_2006.csv
233,233,30,460,1228,338,382,3,217,79,79,576,283,169,2925,Mike James,45,214,['POINT GUARD'],jamesmi01,72,TORONTO RAPTORS,206,totals_2006.csv
234,234,29,158,1494,297,373,12,598,82,80,660,217,147,3288,Antawn Jamison,167,189,['SMALL FORWARD'],jamisan01,90,WASHINGTON WIZARDS,137,totals_2006.csv
235,235,27,293,566,138,133,21,173,75,49,226,95,40,2102,Marko Jarić,60,189,['POINT GUARD'],jaricma01,108,MINNESOTA TIMBERWOLVES,127,totals_2006.csv
236,236,29,227,429,133,236,4,134,75,15,170,121,86,1557,Šarūnas Jasikevičius,19,108,['POINT GUARD'],jasiksa01,40,INDIANA PACERS,116,totals_2006.csv
237,237,21,30,379,134,4,46,202,59,7,189,86,0,1062,Al Jefferson,97,166,['POWER FORWARD'],jeffeal01,30,BOSTON CELTICS,62,totals_2006.csv
238,238,25,297,1005,580,188,17,439,78,78,495,471,60,3059,Richard Jefferson,95,193,['SMALL FORWARD'],jefferi01,59,NEW JERSEY NETS,174,totals_2006.csv
239,239,24,148,415,168,50,50,215,77,77,187,99,16,1951,Jared Jeffries,164,223,['POWER FORWARD'],jeffrja01,58,WASHINGTON WIZARDS,99,totals_2006.csv
240,240,18,3,10,4,3,2,1,3,0,7,4,2,39,Amir Johnson,3,7,['SMALL FORWARD'],johnsam01,0,DETROIT PISTONS,4,totals_2006.csv
241,241,31,324,603,141,155,22,137,75,53,267,106,51,1981,Anthony Johnson,31,132,['POINT GUARD'],johnsan02,63,INDIANA PACERS,115,totals_2006.csv
242,242,25,55,306,42,160,26,77,58,21,132,34,56,924,DerMarr Johnson,19,86,['SHOOTING GUARD'],johnsde03,25,DENVER NUGGETS,46,totals_2006.csv
243,243,38,2,17,2,0,2,19,18,0,7,1,0,81,Ervin Johnson,5,23,['CENTER'],johnser02,1,MILWAUKEE BUCKS,5,totals_2006.csv
244,244,24,536,1395,330,360,31,237,82,82,632,261,128,3340,Joe Johnson,98,187,['SHOOTING GUARD'],johnsjo02,103,ATLANTA HAWKS,267,totals_2006.csv
245,245,25,2,10,4,0,0,7,9,0,5,1,0,35,Linton Johnson,0,7,['SMALL FORWARD'],johnsli01,2,NEW JERSEY NETS,4,totals_2006.csv
246,246,25,12,139,23,36,12,75,27,7,56,17,13,489,Linton Johnson,40,54,['SMALL FORWARD'],johnsli01,10,NEW ORLEANS/OKLAHOMA CITY HORNETS,24,totals_2006.csv
247,247,25,39,263,93,21,15,84,71,4,109,60,3,967,Dahntay Jones,20,108,['SMALL FORWARD'],jonesda02,38,MEMPHIS GRIZZLIES,50,totals_2006.csv
248,248,29,169,491,50,371,1,119,82,7,190,32,140,2089,Damon Jones,14,112,['POINT GUARD'],jonesda01,37,CLEVELAND CAVALIERS,55,totals_2006.csv
249,249,22,2,10,13,0,3,21,14,0,4,6,0,87,Dwayne Jones,10,14,['POWER FORWARD'],jonesdw02,1,BOSTON CELTICS,3,totals_2006.csv
250,250,34,177,722,215,374,27,244,75,75,292,168,133,2437,Eddie Jones,35,201,['SHOOTING GUARD'],jonesed02,131,MEMPHIS GRIZZLIES,93,totals_2006.csv
251,251,26,154,559,160,187,20,152,68,2,233,122,63,1837,Fred Jones,18,142,['SHOOTING GUARD'],jonesfr01,55,INDIANA PACERS,107,totals_2006.csv
252,252,25,57,581,121,285,49,209,75,24,243,103,110,1772,James Jones,44,142,['SMALL FORWARD'],jonesja02,38,PHOENIX SUNS,35,totals_2006.csv
253,253,26,63,736,121,335,22,271,76,42,298,88,115,2089,Jumaine Jones,105,200,['POWER FORWARD'],jonesju01,68,CHARLOTTE BOBCATS,74,totals_2006.csv
254,254,23,79,706,252,2,108,563,78,78,369,194,0,2560,Chris Kaman,187,269,['CENTER'],kamanch01,45,LOS ANGELES CLIPPERS,176,totals_2006.csv
255,255,24,37,177,33,53,3,59,51,2,79,28,21,665,Jason Kapono,12,89,['SMALL FORWARD'],kaponja01,7,MIAMI HEAT,20,totals_2006.csv
256,256,25,3,69,23,0,3,36,28,0,31,18,0,213,Mario Kasun,24,69,['CENTER'],kasunma01,2,ORLANDO MAGIC,15,totals_2006.csv
257,257,23,88,342,111,30,29,193,69,53,158,77,10,1492,Viktor Khryapa,114,209,['SMALL FORWARD'],khryavi01,50,PORTLAND TRAIL BLAZERS,84,totals_2006.csv
258,258,32,672,905,244,395,29,494,80,80,366,194,139,2975,Jason Kidd*,86,157,['POINT GUARD'],kiddja01,150,NEW JERSEY NETS,192,totals_2006.csv
259,259,24,299,730,495,117,220,391,69,63,336,346,36,2604,Andrei Kirilenko,161,162,['SMALL FORWARD'],kirilan01,102,UTAH JAZZ,203,totals_2006.csv
260,260,21,15,173,81,13,13,78,61,2,77,57,2,519,Linas Kleiza,38,87,['POWER FORWARD'],kleizli01,10,DENVER NUGGETS,16,totals_2006.csv
261,261,30,610,772,314,13,4,188,69,67,308,252,3,2351,Brevin Knight,35,202,['POINT GUARD'],knighbr01,157,CHARLOTTE BOBCATS,164,totals_2006.csv
262,262,18,9,30,10,7,0,8,24,0,9,7,2,127,Yaroslav Korolev,5,11,['SMALL FORWARD'],korolya01,3,LOS ANGELES CLIPPERS,6,totals_2006.csv
263,263,24,163,761,119,438,26,243,82,43,327,101,184,2563,Kyle Korver,27,224,['SMALL FORWARD'],korveky01,65,PHILADELPHIA 76ERS,98,totals_2006.csv
264,264,22,88,881,265,4,63,331,80,80,447,185,1,2469,Nenad Krstić,182,297,['POWER FORWARD'],krstine01,32,NEW JERSEY NETS,133,totals_2006.csv
265,265,37,139,298,56,147,17,124,65,0,116,40,45,1018,Toni Kukoč,26,87,['POWER FORWARD'],kukocto01,33,MILWAUKEE BUCKS,66,totals_2006.csv
266,266,29,115,552,75,286,72,326,82,63,238,51,112,2033,Raef LaFrentz,80,273,['POWER FORWARD'],lafrera01,29,BOSTON CELTICS,65,totals_2006.csv
267,267,20,2,4,0,0,0,3,2,0,0,0,0,16,Maciej Lampe,1,2,['CENTER'],lampema01,0,NEW ORLEANS/OKLAHOMA CITY HORNETS,1,totals_2006.csv
268,268,20,0,7,2,0,0,2,4,0,2,0,0,12,Maciej Lampe,3,0,['CENTER'],lampema01,0,HOUSTON ROCKETS,2,totals_2006.csv
269,269,22,43,230,123,0,20,194,67,14,137,71,0,1129,David Lee,109,124,['SMALL FORWARD'],leeda02,30,NEW YORK KNICKS,51,totals_2006.csv
270,270,32,18,103,13,35,2,26,12,6,42,5,10,238,Voshon Lenard,2,21,['SHOOTING GUARD'],lenarvo01,8,DENVER NUGGETS,11,totals_2006.csv
271,271,32,23,88,18,43,2,16,14,0,33,11,15,220,Voshon Lenard,3,18,['SHOOTING GUARD'],lenarvo01,13,PORTLAND TRAIL BLAZERS,20,totals_2006.csv
272,272,26,182,1151,428,370,50,279,78,77,538,350,142,2876,Rashard Lewis,111,191,['SMALL FORWARD'],lewisra02,102,SEATTLE SUPERSONICS,141,totals_2006.csv
273,273,30,1,2,0,0,0,3,5,0,0,0,0,22,Randy Livingston,1,6,['POINT GUARD'],livinra01,1,CHICAGO BULLS,1,totals_2006.csv
274,274,20,273,349,77,8,32,142,61,14,149,53,1,1525,Shaun Livingston,41,160,['POINT GUARD'],livinsh01,46,LOS ANGELES CLIPPERS,111,totals_2006.csv
275,275,23,12,36,0,9,0,3,13,0,14,0,2,107,John Lucas III,2,6,['POINT GUARD'],lucasjo02,5,HOUSTON ROCKETS,7,totals_2006.csv
276,276,28,157,418,138,127,3,69,51,10,192,118,58,1234,Tyronn Lue,13,113,['POINT GUARD'],luety01,26,ATLANTA HAWKS,75,totals_2006.csv
277,277,26,5,41,15,12,0,7,19,0,14,13,3,135,Arvydas Macijauskas,3,10,['SHOOTING GUARD'],macijar01,7,NEW ORLEANS/OKLAHOMA CITY HORNETS,8,totals_2006.csv
278,278,30,11,66,47,7,17,91,62,7,27,20,0,676,Mark Madsen,50,114,['CENTER'],madsema01,23,MINNESOTA TIMBERWOLVES,26,totals_2006.csv
279,279,26,66,375,256,71,4,141,32,13,167,212,24,943,Corey Maggette,28,95,['SMALL FORWARD'],maggeco01,19,LOS ANGELES CLIPPERS,78,totals_2006.csv
280,280,27,56,615,333,0,80,558,82,82,287,178,0,2465,Jamaal Magloire,220,276,['CENTER'],magloja01,29,MILWAUKEE BUCKS,166,totals_2006.csv
281,281,28,382,774,326,104,4,150,60,60,349,246,33,2193,Stephon Marbury,25,143,['POINT GUARD'],marbust01,63,NEW YORK KNICKS,157,totals_2006.csv
282,282,27,143,1365,298,290,137,710,81,81,716,241,96,3263,Shawn Marion,249,223,['POWER FORWARD'],mariosh01,160,PHOENIX SUNS,125,totals_2006.csv
283,283,30,7,71,12,3,7,31,25,0,37,7,0,181,Sean Marks,12,21,['POWER FORWARD'],marksse01,5,SAN ANTONIO SPURS,7,totals_2006.csv
284,284,32,60,671,123,395,41,387,81,0,265,92,128,2077,Donyell Marshall,105,160,['POWER FORWARD'],marshdo01,59,CLEVELAND CAVALIERS,90,totals_2006.csv
285,285,23,10,60,29,3,7,23,23,9,24,22,1,241,Rawle Marshall,8,17,['SMALL FORWARD'],marshra01,8,DALLAS MAVERICKS,15,totals_2006.csv
286,286,34,57,97,24,40,0,18,40,0,34,18,16,339,Darrick Martin,2,42,['POINT GUARD'],martida01,17,TORONTO RAPTORS,15,totals_2006.csv
287,287,28,79,600,170,22,52,260,56,49,297,121,5,1546,Kenyon Martin,93,171,['POWER FORWARD'],martike01,43,DENVER NUGGETS,72,totals_2006.csv
288,288,22,97,546,222,179,9,203,72,41,262,188,66,1913,Kevin Martin,58,138,['SHOOTING GUARD'],martike02,55,SACRAMENTO KINGS,81,totals_2006.csv
289,289,28,66,690,302,6,17,234,70,55,275,206,1,2102,Desmond Mason,64,136,['SMALL FORWARD'],masonde01,42,NEW ORLEANS/OKLAHOMA CITY HORNETS,113,totals_2006.csv
290,290,22,3,54,42,0,5,16,26,0,23,14,0,159,Jason Maxiell,12,14,['POWER FORWARD'],maxieja01,4,DETROIT PISTONS,11,totals_2006.csv
291,291,21,22,171,64,5,12,67,23,1,70,49,0,398,Sean May,42,58,['POWER FORWARD'],mayse01,17,CHARLOTTE BOBCATS,33,totals_2006.csv
292,292,21,63,535,106,180,22,114,79,12,241,78,67,1362,Rashad McCants,29,176,['SHOOTING GUARD'],mccanra01,44,MINNESOTA TIMBERWOLVES,86,totals_2006.csv
293,293,31,23,99,21,45,5,53,36,1,33,12,10,353,Walter McCarty,15,52,['SMALL FORWARD'],mccarwa01,8,LOS ANGELES CLIPPERS,19,totals_2006.csv
294,294,31,90,560,122,2,48,280,82,0,285,68,0,1733,Antonio McDyess,156,220,['POWER FORWARD'],mcdyean01,46,DETROIT PISTONS,76,totals_2006.csv
295,295,26,225,1011,340,234,41,261,47,47,410,254,73,1745,Tracy McGrady*,46,88,['SMALL FORWARD'],mcgratr01,59,HOUSTON ROCKETS,120,totals_2006.csv
296,296,31,52,143,29,16,2,39,28,1,63,20,3,486,Jeff McInnis,11,37,['SHOOTING GUARD'],mcinnje01,11,NEW JERSEY NETS,29,totals_2006.csv
297,297,33,11,12,2,2,0,17,14,0,3,1,0,121,Aaron McKie,3,7,['POINT GUARD'],mckieaa01,5,LOS ANGELES LAKERS,2,totals_2006.csv
298,298,26,151,340,133,82,9,67,66,32,120,106,24,1232,Keith McLeod,11,131,['POINT GUARD'],mcleoke01,42,UTAH JAZZ,76,totals_2006.csv
299,299,26,1,2,0,0,0,0,2,0,1,0,0,6,Stanislav Medvedenko,0,1,['POWER FORWARD'],medvest01,0,LOS ANGELES LAKERS,0,totals_2006.csv
300,300,26,61,459,201,0,73,236,59,56,230,144,0,1541,Chris Mihm,137,214,['CENTER'],mihmch01,16,LOS ANGELES LAKERS,83,totals_2006.csv
301,301,22,24,18,4,0,1,14,19,0,6,4,0,118,Aaron Miles,0,13,['POINT GUARD'],milesaa01,4,GOLDEN STATE WARRIORS,11,totals_2006.csv
302,302,18,16,76,24,20,2,20,23,0,28,18,5,203,C.J. Miles,18,20,['POINT GUARD'],milescj01,7,UTAH JAZZ,9,totals_2006.csv
303,303,24,73,510,163,10,39,158,40,23,235,87,2,1286,Darius Miles,24,100,['SMALL FORWARD'],milesda01,42,PORTLAND TRAIL BLAZERS,99,totals_2006.csv
304,304,20,9,33,8,2,15,18,25,0,17,3,0,140,Darko Miličić,10,25,['CENTER'],milicda01,3,DETROIT PISTONS,15,totals_2006.csv
305,305,20,32,201,42,0,62,89,30,1,102,25,0,627,Darko Miličić,34,67,['CENTER'],milicda01,11,ORLANDO MAGIC,36,totals_2006.csv
306,306,29,674,872,424,27,18,259,82,82,404,313,5,2937,Andre Miller,92,213,['POINT GUARD'],millean02,106,DENVER NUGGETS,256,totals_2006.csv
307,307,29,374,877,338,88,62,493,79,79,434,280,34,2923,Brad Miller,122,234,['CENTER'],millebr01,61,SACRAMENTO KINGS,180,totals_2006.csv
308,308,25,200,760,210,339,27,355,74,9,354,168,138,2268,Mike Miller,42,173,['SHOOTING GUARD'],millemi01,52,MEMPHIS GRIZZLIES,140,totals_2006.csv
309,309,25,85,900,395,1,94,433,57,57,467,337,0,1949,Yao Ming*,148,195,['CENTER'],mingya01,30,HOUSTON ROCKETS,147,totals_2006.csv
310,310,30,238,1008,273,245,36,291,79,74,429,229,83,2979,Cuttino Mobley,50,208,['SHOOTING GUARD'],moblecu01,93,LOS ANGELES CLIPPERS,145,totals_2006.csv
311,311,28,40,377,144,0,49,255,80,30,190,113,0,1389,Nazr Mohammed,163,220,['CENTER'],mohamna01,21,SAN ANTONIO SPURS,91,totals_2006.csv
312,312,22,19,85,12,33,5,40,23,15,29,8,9,336,Sergei Monia,11,41,['SMALL FORWARD'],moniase01,6,PORTLAND TRAIL BLAZERS,12,totals_2006.csv
313,313,22,0,2,2,1,0,1,3,0,0,2,0,7,Sergei Monia,0,0,['SMALL FORWARD'],moniase01,1,SACRAMENTO KINGS,0,totals_2006.csv
314,314,30,27,124,62,2,15,86,47,1,54,46,0,583,Mikki Moore,44,92,['CENTER'],mooremi01,7,SEATTLE SUPERSONICS,40,totals_2006.csv
315,315,27,4,49,3,2,5,32,22,0,16,3,0,192,Terence Morris,6,19,['SMALL FORWARD'],morrite01,6,ORLANDO MAGIC,7,totals_2006.csv
316,316,35,11,315,224,1,173,234,65,20,188,133,0,1302,Alonzo Mourning*,125,177,['CENTER'],mournal01,13,MIAMI HEAT,79,totals_2006.csv
317,317,25,101,838,319,181,26,548,74,74,363,251,58,2516,Troy Murphy,195,191,['POWER FORWARD'],murphtr01,47,GOLDEN STATE WARRIORS,108,totals_2006.csv
318,318,32,13,181,40,78,7,103,57,1,72,25,27,576,Lamond Murray,29,66,['SMALL FORWARD'],murrala01,17,NEW JERSEY NETS,22,totals_2006.csv
319,319,26,120,451,138,76,4,68,48,2,179,99,17,1085,Ronald Murray,18,69,['SHOOTING GUARD'],murraro01,30,SEATTLE SUPERSONICS,79,totals_2006.csv
320,320,26,77,317,104,65,7,52,28,25,142,73,20,1027,Ronald Murray,15,64,['SHOOTING GUARD'],murraro01,38,CLEVELAND CAVALIERS,56,totals_2006.csv
321,321,39,4,95,91,0,57,206,64,23,50,69,0,955,Dikembe Mutombo*,100,128,['CENTER'],mutomdi01,17,HOUSTON ROCKETS,35,totals_2006.csv
322,322,28,7,53,9,1,5,22,23,1,22,6,0,152,Boniface N'Dong,15,23,['CENTER'],ndongbo01,2,LOS ANGELES CLIPPERS,6,totals_2006.csv
323,323,25,22,124,36,57,5,45,25,13,42,25,17,405,Boštjan Nachbar,4,52,['POWER FORWARD'],nachbbo01,13,NEW ORLEANS/OKLAHOMA CITY HORNETS,20,totals_2006.csv
324,324,25,5,32,8,14,0,7,11,0,12,5,2,97,Boštjan Nachbar,4,13,['SMALL FORWARD'],nachbbo01,3,NEW JERSEY NETS,4,totals_2006.csv
325,325,30,7,80,15,0,4,19,22,0,40,13,0,237,Lee Nailon,23,32,['POWER FORWARD'],nailole01,8,PHILADELPHIA 76ERS,10,totals_2006.csv
326,326,29,52,301,114,12,34,197,64,3,127,89,4,1449,Eduardo Nájera,128,165,['POWER FORWARD'],najered01,53,DENVER NUGGETS,54,totals_2006.csv
327,327,31,826,1056,279,342,12,286,79,79,541,257,150,2796,Steve Nash*,47,120,['POINT GUARD'],nashst01,61,PHOENIX SUNS,276,totals_2006.csv
328,328,23,302,719,181,165,9,141,62,33,347,141,70,1784,Jameer Nelson,39,174,['POINT GUARD'],nelsoja01,70,ORLANDO MAGIC,148,totals_2006.csv
329,329,29,33,334,30,2,88,195,80,51,172,18,0,1515,Rasho Nesterović,114,209,['CENTER'],nestera01,21,SAN ANTONIO SPURS,53,totals_2006.csv
330,330,31,9,57,16,13,10,35,36,3,17,11,3,353,Ira Newble,21,47,['SHOOTING GUARD'],newblir01,5,CLEVELAND CAVALIERS,12,totals_2006.csv
331,331,26,117,831,242,238,52,411,82,43,383,204,93,2239,Andrés Nocioni,89,252,['POWER FORWARD'],nocioan01,40,CHICAGO BULLS,120,totals_2006.csv
332,332,32,29,65,17,5,1,25,29,0,26,13,0,241,Moochie Norris,9,31,['POINT GUARD'],norrimo01,14,HOUSTON ROCKETS,16,totals_2006.csv
333,333,32,21,47,25,9,0,17,16,0,20,16,4,183,Moochie Norris,3,18,['POINT GUARD'],norrimo01,6,NEW ORLEANS/OKLAHOMA CITY HORNETS,17,totals_2006.csv
334,334,27,226,1564,598,271,83,613,81,81,751,539,110,3089,Dirk Nowitzki,115,164,['POWER FORWARD'],nowitdi01,58,DALLAS MAVERICKS,156,totals_2006.csv
335,335,27,133,805,368,10,117,374,51,47,380,261,3,1802,Jermaine O'Neal,102,177,['POWER FORWARD'],onealje01,27,INDIANA PACERS,151,totals_2006.csv
336,336,33,113,800,471,0,104,369,59,58,480,221,0,1806,Shaquille O'Neal*,172,230,['CENTER'],onealsh01,23,MIAMI HEAT,168,totals_2006.csv
337,337,30,27,93,27,2,11,66,59,0,44,15,0,490,Fabricio Oberto,57,91,['CENTER'],obertfa01,9,SAN ANTONIO SPURS,28,totals_2006.csv
338,338,26,443,925,313,215,64,557,80,80,445,216,80,3221,Lamar Odom,181,256,['POWER FORWARD'],odomla01,75,LOS ANGELES LAKERS,213,totals_2006.csv
339,339,23,31,316,125,0,50,167,26,25,131,82,0,874,Emeka Okafor,94,88,['POWER FORWARD'],okafoem01,22,CHARLOTTE BOBCATS,53,totals_2006.csv
340,340,26,194,1128,454,234,73,535,82,82,519,354,80,2945,Mehmet Okur,211,285,['POWER FORWARD'],okurme01,40,UTAH JAZZ,163,totals_2006.csv
341,341,33,101,174,49,3,3,85,70,23,75,41,1,1069,Kevin Ollie,13,103,['SHOOTING GUARD'],ollieke01,33,PHILADELPHIA 76ERS,29,totals_2006.csv
342,342,30,17,195,39,0,27,134,32,24,87,19,0,752,Michael Olowokandi,45,100,['CENTER'],olowomi01,19,MINNESOTA TIMBERWOLVES,41,totals_2006.csv
343,343,30,6,45,8,0,6,36,16,0,20,5,0,167,Michael Olowokandi,5,22,['CENTER'],olowomi01,3,BOSTON CELTICS,14,totals_2006.csv
344,344,32,58,124,48,0,66,143,60,22,61,24,0,807,Greg Ostertag,82,129,['CENTER'],ostergr01,6,UTAH JAZZ,46,totals_2006.csv
345,345,34,14,58,8,0,12,46,32,0,35,5,0,355,Bo Outlaw,31,50,['POWER FORWARD'],outlabo01,10,ORLANDO MAGIC,17,totals_2006.csv
346,346,21,34,368,89,53,46,141,69,11,162,62,14,1153,Travis Outlaw,48,112,['POWER FORWARD'],outlatr01,31,PORTLAND TRAIL BLAZERS,37,totals_2006.csv
347,347,25,8,74,18,16,0,10,23,2,27,12,3,210,Andre Owens,11,25,['POINT GUARD'],owensan01,5,UTAH JAZZ,13,totals_2006.csv
348,348,21,129,681,404,2,39,349,78,78,307,297,0,2452,Zaza Pachulia,264,286,['CENTER'],pachuza01,89,ATLANTA HAWKS,180,totals_2006.csv
349,349,29,41,201,34,121,12,109,62,1,71,27,42,718,Scott Padgett,56,90,['POWER FORWARD'],padgesc01,28,NEW JERSEY NETS,21,totals_2006.csv
350,350,27,190,403,150,16,14,117,71,18,171,98,1,1376,Milt Palacio,17,125,['POINT GUARD'],palacmi01,47,UTAH JAZZ,110,totals_2006.csv
351,351,26,94,292,21,103,2,53,57,0,109,17,39,646,Jannero Pargo,8,57,['POINT GUARD'],pargoja01,24,CHICAGO BULLS,61,totals_2006.csv
352,352,24,302,779,180,328,16,234,82,82,348,125,120,2773,Smush Parker,37,213,['POINT GUARD'],parkesm01,140,LOS ANGELES LAKERS,147,totals_2006.csv
353,353,23,460,1136,358,36,4,223,80,80,623,253,11,2715,Tony Parker,38,161,['POINT GUARD'],parketo01,83,SAN ANTONIO SPURS,249,totals_2006.csv
354,354,30,60,379,226,7,12,81,45,2,188,138,0,1056,Ruben Patterson,73,79,['SMALL FORWARD'],patteru01,42,PORTLAND TRAIL BLAZERS,82,totals_2006.csv
355,355,30,67,256,112,6,9,45,26,20,139,65,1,736,Ruben Patterson,45,71,['SHOOTING GUARD'],patteru01,34,DENVER NUGGETS,68,totals_2006.csv
356,356,20,611,947,465,177,6,339,78,78,407,394,50,2808,Chris Paul,61,218,['POINT GUARD'],paulch01,175,NEW ORLEANS/OKLAHOMA CITY HORNETS,183,totals_2006.csv
357,357,22,25,212,49,96,6,64,53,19,87,32,35,813,Sasha Pavlović,16,103,['SHOOTING GUARD'],pavloal01,19,CLEVELAND CAVALIERS,42,totals_2006.csv
358,358,37,257,547,126,230,10,199,81,25,230,100,66,2305,Gary Payton*,34,169,['POINT GUARD'],paytoga01,71,MIAMI HEAT,102,totals_2006.csv
359,359,21,69,266,130,2,105,264,68,40,137,80,0,1332,Kendrick Perkins,140,199,['CENTER'],perkike01,21,BOSTON CELTICS,107,totals_2006.csv
360,360,28,190,1096,294,448,15,316,82,77,478,241,177,3140,Morris Peterson,65,223,['SHOOTING GUARD'],petermo01,104,TORONTO RAPTORS,126,totals_2006.csv
361,361,20,15,300,75,0,51,187,68,41,153,47,0,1282,Johan Petro,109,213,['CENTER'],petrojo01,25,SEATTLE SUPERSONICS,60,totals_2006.csv
362,362,35,13,61,5,33,1,19,29,1,24,2,9,228,Eric Piatkowski,4,20,['SHOOTING GUARD'],piatker01,6,CHICAGO BULLS,11,totals_2006.csv
363,363,28,375,1462,812,314,34,453,79,79,689,627,111,3084,Paul Pierce,77,223,['SMALL FORWARD'],piercpa01,107,BOSTON CELTICS,273,totals_2006.csv
364,364,23,44,418,143,176,10,105,52,18,169,87,56,1179,Mickaël Piétrus,58,132,['SMALL FORWARD'],pietrmi01,33,GOLDEN STATE WARRIORS,78,totals_2006.csv
365,365,23,53,183,66,56,4,60,56,1,66,46,13,596,Zoran Planinić,14,91,['POINT GUARD'],planizo01,20,NEW JERSEY NETS,43,totals_2006.csv
366,366,21,0,2,6,0,1,7,1,0,0,3,0,18,Pavel Podkolzin,0,0,['CENTER'],podkopa01,0,DALLAS MAVERICKS,2,totals_2006.csv
367,367,30,24,154,38,0,20,145,45,32,70,29,0,771,Scot Pollard,73,115,['CENTER'],pollasc01,37,INDIANA PACERS,26,totals_2006.csv
368,368,29,89,395,61,290,20,286,67,63,159,48,117,1914,James Posey,33,196,['SMALL FORWARD'],poseyja01,54,MIAMI HEAT,58,totals_2006.csv
369,369,30,7,64,17,0,2,36,24,12,32,10,0,321,Vitaly Potapenko,26,44,['CENTER'],potapvi01,2,SEATTLE SUPERSONICS,14,totals_2006.csv
370,370,30,2,7,0,0,0,1,9,0,5,0,0,32,Vitaly Potapenko,1,6,['CENTER'],potapvi01,0,SACRAMENTO KINGS,2,totals_2006.csv
371,371,23,9,81,45,0,4,53,37,2,37,36,0,429,Josh Powell,28,52,['POWER FORWARD'],poweljo01,7,DALLAS MAVERICKS,22,totals_2006.csv
372,372,22,11,58,12,27,0,10,29,0,21,12,6,150,Ronnie Price,5,10,['POINT GUARD'],pricero01,6,SACRAMENTO KINGS,10,totals_2006.csv
373,373,25,186,999,238,183,39,242,82,82,455,182,64,2898,Tayshaun Prince,104,96,['SMALL FORWARD'],princta01,62,DETROIT PISTONS,91,totals_2006.csv
374,374,28,15,84,24,18,5,35,25,1,40,21,3,279,Laron Profit,8,25,['SHOOTING GUARD'],profila01,11,LOS ANGELES LAKERS,24,totals_2006.csv
375,375,26,43,239,154,0,130,245,56,52,131,82,0,1395,Joel Przybilla,146,149,['CENTER'],przybjo01,20,PORTLAND TRAIL BLAZERS,76,totals_2006.csv
376,376,25,72,384,62,196,15,148,47,16,154,55,72,1089,Vladimir Radmanović,39,130,['POWER FORWARD'],radmavl01,32,SEATTLE SUPERSONICS,53,totals_2006.csv
377,377,25,64,259,52,158,14,146,30,11,108,38,66,885,Vladimir Radmanović,25,80,['POWER FORWARD'],radmavl01,29,LOS ANGELES CLIPPERS,40,totals_2006.csv
378,378,22,19,97,71,0,12,78,57,1,44,43,0,487,Shavlik Randolph,55,83,['POWER FORWARD'],randosh01,19,PHILADELPHIA 76ERS,21,totals_2006.csv
379,379,24,144,1229,343,55,14,399,74,71,536,245,16,2545,Zach Randolph,193,185,['POWER FORWARD'],randoza01,57,PORTLAND TRAIL BLAZERS,165,totals_2006.csv
380,380,32,28,189,83,0,88,190,55,19,108,54,0,1301,Theo Ratliff,89,143,['CENTER'],ratlith01,18,PORTLAND TRAIL BLAZERS,47,totals_2006.csv
381,381,33,9,96,41,0,19,51,29,2,52,31,0,412,Željko Rebrača,13,59,['CENTER'],rebraze01,5,LOS ANGELES CLIPPERS,24,totals_2006.csv
382,382,26,229,1516,571,413,5,264,80,80,682,501,163,3130,Michael Redd,78,157,['SHOOTING GUARD'],reddmi01,95,MILWAUKEE BUCKS,170,totals_2006.csv
383,383,24,7,74,40,0,4,16,32,0,25,25,0,291,Justin Reed,13,45,['SMALL FORWARD'],reedju01,5,BOSTON CELTICS,15,totals_2006.csv
384,384,24,34,221,80,1,11,55,40,6,94,62,0,706,Justin Reed,40,118,['SMALL FORWARD'],reedju01,18,MINNESOTA TIMBERWOLVES,37,totals_2006.csv
385,385,25,232,1438,410,477,37,333,75,75,641,276,183,2877,Jason Richardson,105,206,['SHOOTING GUARD'],richaja01,97,GOLDEN STATE WARRIORS,167,totals_2006.csv
386,386,25,88,459,91,188,6,165,55,43,163,61,64,1442,Quentin Richardson,65,134,['SMALL FORWARD'],richaqu01,39,NEW YORK KNICKS,56,totals_2006.csv
387,387,24,550,799,227,149,22,188,79,77,334,199,43,2625,Luke Ridnour,47,178,['POINT GUARD'],ridnolu01,123,SEATTLE SUPERSONICS,162,totals_2006.csv
388,388,22,5,31,2,10,0,6,16,0,14,2,5,88,Anthony Roberson,0,6,['POINT GUARD'],roberan02,1,MEMPHIS GRIZZLIES,3,totals_2006.csv
389,389,23,5,44,23,2,2,23,33,0,20,11,0,181,Lawrence Roberts,26,30,['CENTER'],roberla01,8,MEMPHIS GRIZZLIES,5,totals_2006.csv
390,390,25,77,365,134,21,10,157,66,18,157,106,2,1303,Bernard Robinson,62,141,['SMALL FORWARD'],robinbe01,81,CHARLOTTE BOBCATS,74,totals_2006.csv
391,391,39,89,513,79,175,40,212,80,13,219,52,60,1863,Clifford Robinson,55,206,['POWER FORWARD'],robincl02,44,NEW JERSEY NETS,62,totals_2006.csv
392,392,21,147,565,202,146,1,111,72,26,230,152,58,1544,Nate Robinson,56,201,['POINT GUARD'],robinna01,59,NEW YORK KNICKS,114,totals_2006.csv
393,393,33,113,446,217,115,10,114,46,22,180,166,31,1236,Jalen Rose,15,101,['SMALL FORWARD'],roseja01,20,TORONTO RAPTORS,65,totals_2006.csv
394,394,33,68,239,101,57,3,69,26,23,110,82,28,747,Jalen Rose,13,55,['SHOOTING GUARD'],roseja01,10,NEW YORK KNICKS,50,totals_2006.csv
395,395,31,67,281,137,1,14,175,72,35,105,107,1,1119,Malik Rose,84,145,['POWER FORWARD'],rosema01,43,NEW YORK KNICKS,80,totals_2006.csv
396,396,24,79,308,75,7,16,132,67,45,130,57,0,1515,Quinton Ross,38,155,['SMALL FORWARD'],rossqu01,51,LOS ANGELES CLIPPERS,47,totals_2006.csv
397,397,29,27,77,74,2,31,149,76,4,34,37,0,1010,Michael Ruffin,122,179,['CENTER'],ruffimi01,33,WASHINGTON WIZARDS,38,totals_2006.csv
398,398,25,50,469,77,164,13,85,47,25,181,55,57,1111,Kareem Rush,18,79,['SHOOTING GUARD'],rushka01,38,CHARLOTTE BOBCATS,65,totals_2006.csv
399,399,35,1,0,0,0,0,1,1,0,0,0,0,3,Bryon Russell,0,0,['SMALL FORWARD'],russebr01,0,DENVER NUGGETS,0,totals_2006.csv
400,400,26,223,521,200,87,13,172,82,24,219,155,26,2059,John Salmons,48,178,['SHOOTING GUARD'],salmojo01,73,PHILADELPHIA 76ERS,125,totals_2006.csv
401,401,22,5,7,2,0,4,13,12,0,5,0,0,39,Jamal Sampson,5,5,['POWER FORWARD'],sampsja01,0,SACRAMENTO KINGS,0,totals_2006.csv
402,402,25,3,33,10,3,0,19,16,0,16,7,2,113,Melvin Sanders,4,20,['SHOOTING GUARD'],sandeme01,5,SAN ANTONIO SPURS,8,totals_2006.csv
403,403,27,51,193,36,87,19,87,71,1,74,26,31,938,Brian Scalabrine,27,127,['POWER FORWARD'],scalabr01,21,BOSTON CELTICS,50,totals_2006.csv
404,404,27,0,0,0,0,0,0,1,0,0,0,0,0,Alex Scales,0,0,['SHOOTING GUARD'],scaleal01,0,SAN ANTONIO SPURS,0,totals_2006.csv
405,405,23,7,26,13,0,3,21,20,0,16,4,0,149,Luke Schenscher,8,21,['CENTER'],schenlu01,1,CHICAGO BULLS,5,totals_2006.csv
406,406,20,1,31,17,0,8,35,27,4,18,8,0,212,Ha Seung-Jin,14,41,['CENTER'],seungha01,3,PORTLAND TRAIL BLAZERS,14,totals_2006.csv
407,407,22,7,120,34,0,1,50,43,2,58,30,0,414,Wayne Simien,38,70,['POWER FORWARD'],simiewa01,13,MIAMI HEAT,24,totals_2006.csv
408,408,25,172,808,200,250,21,242,75,74,366,165,105,2538,Bobby Simmons,91,254,['SMALL FORWARD'],simmobo01,86,MILWAUKEE BUCKS,123,totals_2006.csv
409,409,24,29,151,50,20,21,134,59,10,77,39,10,753,James Singleton,63,95,['SMALL FORWARD'],singlja01,19,LOS ANGELES CLIPPERS,28,totals_2006.csv
410,410,29,17,69,27,0,20,71,38,0,38,12,0,429,Brian Skinner,30,54,['POWER FORWARD'],skinnbr01,11,SACRAMENTO KINGS,18,totals_2006.csv
411,411,29,13,91,29,0,23,81,27,5,44,15,0,515,Brian Skinner,46,65,['CENTER'],skinnbr01,14,PORTLAND TRAIL BLAZERS,27,totals_2006.csv
412,412,30,9,71,8,37,6,13,21,4,30,5,15,208,Charles Smith,3,27,['SHOOTING GUARD'],smithch04,5,PORTLAND TRAIL BLAZERS,4,totals_2006.csv
413,413,30,0,1,0,1,0,0,1,0,0,0,0,2,Charles Smith,0,1,['SHOOTING GUARD'],smithch04,0,DENVER NUGGETS,0,totals_2006.csv
414,414,22,9,27,12,4,0,11,23,0,15,6,2,127,Donta Smith,3,20,['SHOOTING GUARD'],smithdo04,8,ATLANTA HAWKS,4,totals_2006.csv
415,415,20,58,366,101,140,4,91,55,25,144,83,52,989,J.R. Smith,19,90,['SHOOTING GUARD'],smithjr01,37,NEW ORLEANS/OKLAHOMA CITY HORNETS,54,totals_2006.csv
416,416,30,31,305,115,2,13,147,44,5,145,89,0,887,Joe Smith,83,120,['POWER FORWARD'],smithjo02,24,MILWAUKEE BUCKS,40,totals_2006.csv
417,417,20,191,774,292,110,208,355,80,73,329,210,34,2559,Josh Smith,176,260,['SMALL FORWARD'],smithjo03,64,ATLANTA HAWKS,162,totals_2006.csv
418,418,32,346,399,93,10,19,160,82,82,163,64,1,2351,Eric Snow,38,218,['POINT GUARD'],snower01,76,CLEVELAND CAVALIERS,116,totals_2006.csv
419,419,22,102,453,117,129,23,106,68,45,205,86,46,1310,Kirk Snyder,55,106,['SHOOTING GUARD'],snydeki01,29,NEW ORLEANS/OKLAHOMA CITY HORNETS,70,totals_2006.csv
420,420,27,88,491,115,5,16,170,62,7,236,94,2,1329,Darius Songaila,76,157,['POWER FORWARD'],songada01,35,CHICAGO BULLS,85,totals_2006.csv
421,421,24,8,123,57,0,19,92,42,25,53,41,0,590,Pape Sow,54,118,['CENTER'],sowpa01,21,TORONTO RAPTORS,30,totals_2006.csv
422,422,31,160,603,221,130,10,121,55,11,242,195,36,1525,Jerry Stackhouse,32,96,['SHOOTING GUARD'],stackje01,37,DALLAS MAVERICKS,121,totals_2006.csv
423,423,24,160,781,242,15,17,182,82,82,359,180,2,2648,DeShawn Stevenson,59,178,['SHOOTING GUARD'],stevede01,58,ORLANDO MAGIC,123,totals_2006.csv
424,424,28,68,424,105,179,2,131,31,31,171,98,71,1147,Peja Stojaković,34,82,['SMALL FORWARD'],stojape01,19,SACRAMENTO KINGS,51,totals_2006.csv
425,425,28,68,594,155,225,8,205,40,40,274,140,91,1454,Peja Stojaković,45,89,['SMALL FORWARD'],stojape01,26,INDIANA PACERS,52,totals_2006.csv
426,426,28,4,41,14,7,1,14,25,1,16,8,3,116,Awvee Storey,8,22,['SMALL FORWARD'],storeaw01,3,WASHINGTON WIZARDS,5,totals_2006.csv
427,427,32,128,287,62,104,1,72,27,27,114,53,36,862,Damon Stoudamire,23,49,['POINT GUARD'],stoudda01,19,MEMPHIS GRIZZLIES,55,totals_2006.csv
428,428,23,75,492,110,216,3,104,61,1,204,99,82,1236,Salim Stoudamire,12,118,['SHOOTING GUARD'],stoudsa01,27,ATLANTA HAWKS,82,totals_2006.csv
429,429,23,2,27,9,1,3,10,3,3,9,8,0,50,Amar'e Stoudemire,6,4,['CENTER'],stoudam01,1,PHOENIX SUNS,1,totals_2006.csv
430,430,23,59,444,204,0,56,232,66,44,200,133,0,1222,Mike Sweetney,118,209,['CENTER'],sweetmi01,19,CHICAGO BULLS,95,totals_2006.csv
431,431,20,8,241,91,0,56,170,47,20,124,53,0,987,Robert Swift,94,142,['CENTER'],swiftro01,15,SEATTLE SUPERSONICS,49,totals_2006.csv
432,432,26,25,458,209,2,50,188,66,5,225,136,0,1344,Stromile Swift,103,198,['CENTER'],swiftst01,38,HOUSTON ROCKETS,91,totals_2006.csv
433,433,28,112,590,182,143,15,154,40,40,292,163,58,1555,Wally Szczerbiak,36,90,['SMALL FORWARD'],szczewa02,21,MINNESOTA TIMBERWOLVES,86,totals_2006.csv
434,434,28,101,422,128,112,4,82,32,31,201,115,44,1174,Wally Szczerbiak,41,60,['SMALL FORWARD'],szczewa02,19,BOSTON CELTICS,50,totals_2006.csv
435,435,20,2,38,6,0,7,17,17,0,23,1,0,144,Chris Taft,19,25,['CENTER'],taftch01,2,GOLDEN STATE WARRIORS,2,totals_2006.csv
436,436,23,45,136,43,17,4,37,51,1,53,30,4,465,Donell Taylor,16,47,['SHOOTING GUARD'],taylodo01,30,WASHINGTON WIZARDS,34,totals_2006.csv
437,437,29,53,389,83,1,14,164,67,13,182,58,0,1210,Maurice Taylor,65,177,['POWER FORWARD'],tayloma01,21,NEW YORK KNICKS,103,totals_2006.csv
438,438,20,247,578,175,162,6,101,68,30,228,130,57,1641,Sebastian Telfair,19,167,['POINT GUARD'],telfase01,66,PORTLAND TRAIL BLAZERS,115,totals_2006.csv
439,439,28,306,1099,210,416,27,127,80,80,516,168,171,2798,Jason Terry,31,196,['POINT GUARD'],terryja01,100,DALLAS MAVERICKS,135,totals_2006.csv
440,440,30,9,40,2,30,1,9,17,0,13,2,10,131,Billy Thomas,5,19,['SHOOTING GUARD'],thomabi01,10,WASHINGTON WIZARDS,6,totals_2006.csv
441,441,27,14,246,125,0,68,180,71,9,131,75,0,1121,Etan Thomas,99,148,['CENTER'],thomaet01,20,WASHINGTON WIZARDS,51,totals_2006.csv
442,442,25,1,13,14,0,3,23,15,0,7,8,0,124,James Thomas,8,32,['POWER FORWARD'],thomaja02,0,PHILADELPHIA 76ERS,7,totals_2006.csv
443,443,25,0,6,0,0,0,4,7,0,3,0,0,26,James Thomas,4,3,['POWER FORWARD'],thomaja02,0,CHICAGO BULLS,0,totals_2006.csv
444,444,30,1,2,0,0,1,0,3,0,2,0,0,25,John Thomas,0,3,['CENTER'],thomajo02,0,MEMPHIS GRIZZLIES,2,totals_2006.csv
445,445,30,1,7,4,0,0,7,11,0,3,3,0,66,John Thomas,3,10,['CENTER'],thomajo02,2,ATLANTA HAWKS,4,totals_2006.csv
446,446,30,0,6,0,0,1,3,2,0,1,0,0,36,John Thomas,7,4,['CENTER'],thomajo02,1,NEW JERSEY NETS,2,totals_2006.csv
447,447,28,168,604,204,1,39,419,82,55,305,138,0,2293,Kenny Thomas,199,196,['POWER FORWARD'],thomake01,72,SACRAMENTO KINGS,135,totals_2006.csv
448,448,33,57,391,92,0,54,313,53,50,190,75,0,1411,Kurt Thomas,102,193,['CENTER'],thomaku01,23,PHOENIX SUNS,57,totals_2006.csv
449,449,28,2,16,0,6,1,4,3,0,6,0,1,32,Tim Thomas,0,1,['SMALL FORWARD'],thomati01,0,CHICAGO BULLS,1,totals_2006.csv
450,450,28,18,246,42,105,6,105,26,10,107,28,45,634,Tim Thomas,22,77,['POWER FORWARD'],thomati01,16,PHOENIX SUNS,32,totals_2006.csv
451,451,22,1,25,2,11,1,7,10,0,11,2,4,43,Dijon Thompson,4,6,['SHOOTING GUARD'],thompdi01,3,PHOENIX SUNS,2,totals_2006.csv
452,452,27,211,386,91,70,6,98,42,27,158,58,16,1122,Jamaal Tinsley,35,96,['POINT GUARD'],tinslja01,49,INDIANA PACERS,109,totals_2006.csv
453,453,26,13,165,87,0,32,134,51,19,100,57,0,732,Jake Tsakalidis,78,107,['CENTER'],tsakaja01,14,MEMPHIS GRIZZLIES,39,totals_2006.csv
454,454,22,0,4,2,0,0,2,5,0,1,1,0,13,Nikoloz Tskitishvili,0,0,['POWER FORWARD'],tskitni01,0,MINNESOTA TIMBERWOLVES,2,totals_2006.csv
455,455,22,3,33,12,3,2,11,12,0,12,8,1,86,Nikoloz Tskitishvili,9,8,['SMALL FORWARD'],tskitni01,1,PHOENIX SUNS,4,totals_2006.csv
456,456,23,8,30,27,0,10,26,23,1,15,15,0,161,Ronny Turiaf,11,30,['CENTER'],turiaro01,3,LOS ANGELES LAKERS,7,totals_2006.csv
457,457,26,216,877,296,283,21,263,78,59,398,255,114,2615,Hedo Türkoğlu,70,234,['SMALL FORWARD'],turkohe01,70,ORLANDO MAGIC,130,totals_2006.csv
458,458,28,6,24,6,3,0,14,8,0,9,3,1,114,Ime Udoka,3,8,['SMALL FORWARD'],udokaim01,1,NEW YORK KNICKS,2,totals_2006.csv
459,459,23,92,233,50,70,2,34,54,3,106,39,24,586,Beno Udrih,18,55,['POINT GUARD'],udrihbe01,14,SAN ANTONIO SPURS,53,totals_2006.csv
460,460,34,123,343,41,154,3,85,65,2,136,28,55,986,Nick Van Exel,6,60,['POINT GUARD'],vanexni01,16,SAN ANTONIO SPURS,57,totals_2006.csv
461,461,30,37,387,113,136,11,138,53,0,164,94,50,1090,Keith Van Horn,54,121,['SMALL FORWARD'],vanhoke01,31,DALLAS MAVERICKS,71,totals_2006.csv
462,462,23,19,150,119,1,19,158,48,4,79,61,0,760,Anderson Varejão,77,118,['CENTER'],varejan01,31,CLEVELAND CAVALIERS,27,totals_2006.csv
463,463,30,123,245,81,6,1,75,80,6,107,59,1,1234,Jacque Vaughn,16,140,['SHOOTING GUARD'],vaughja01,42,NEW JERSEY NETS,52,totals_2006.csv
464,464,21,88,940,160,214,63,340,81,36,435,113,70,2361,Charlie Villanueva,181,247,['POWER FORWARD'],villach01,60,TORONTO RAPTORS,99,totals_2006.csv
465,465,28,39,261,60,3,23,121,51,2,114,41,1,818,Jake Voskuhl,62,157,['CENTER'],voskuja01,26,CHARLOTTE BOBCATS,33,totals_2006.csv
466,466,24,11,66,44,0,11,53,41,2,26,21,0,406,Jackson Vroman,33,78,['POWER FORWARD'],vromaja01,12,NEW ORLEANS/OKLAHOMA CITY HORNETS,21,totals_2006.csv
467,467,21,139,312,52,172,3,126,82,4,108,46,59,1449,Sasha Vujačić,33,150,['POINT GUARD'],vujacsa01,48,LOS ANGELES LAKERS,50,totals_2006.csv
468,468,24,503,1413,803,76,58,323,75,75,699,629,13,2892,Dwyane Wade,107,217,['SHOOTING GUARD'],wadedw01,146,MIAMI HEAT,268,totals_2006.csv
469,469,20,4,38,8,17,0,3,16,0,6,6,2,73,Von Wafer,5,12,['SHOOTING GUARD'],wafervo01,3,LOS ANGELES LAKERS,1,totals_2006.csv
470,470,29,166,898,129,383,30,318,82,19,391,81,137,2199,Antoine Walker,103,187,['POWER FORWARD'],walkean02,47,MIAMI HEAT,150,totals_2006.csv
471,471,29,0,2,2,0,1,3,7,0,0,2,0,22,Samaki Walker,0,7,['POWER FORWARD'],walkesa01,0,INDIANA PACERS,2,totals_2006.csv
472,472,31,158,465,296,4,181,622,82,82,237,123,0,2890,Ben Wallace,301,164,['CENTER'],wallabe01,146,DETROIT PISTONS,88,totals_2006.csv
473,473,23,96,589,306,50,115,289,55,52,317,188,14,1895,Gerald Wallace,123,150,['SMALL FORWARD'],wallage01,138,CHARLOTTE BOBCATS,99,totals_2006.csv
474,474,31,182,1067,183,434,130,457,80,80,459,136,155,2780,Rasheed Wallace,90,232,['POWER FORWARD'],wallara01,82,DETROIT PISTONS,85,totals_2006.csv
475,475,23,0,1,2,0,0,0,2,0,1,0,0,3,Matt Walsh,0,0,['SHOOTING GUARD'],walshma01,0,MIAMI HEAT,1,totals_2006.csv
476,476,25,156,328,76,55,15,159,69,6,135,57,18,1333,Luke Walton,88,119,['SMALL FORWARD'],waltolu01,41,LOS ANGELES LAKERS,78,totals_2006.csv
477,477,23,30,228,115,0,21,101,68,2,101,76,0,724,Hakim Warrick,43,113,['POWER FORWARD'],warriha01,14,MEMPHIS GRIZZLIES,56,totals_2006.csv
478,478,26,160,282,59,172,7,69,46,10,121,37,68,975,Earl Watson,17,95,['POINT GUARD'],watsoea01,37,DENVER NUGGETS,75,totals_2006.csv
479,479,26,129,227,52,100,3,65,24,0,98,38,42,603,Earl Watson,7,64,['POINT GUARD'],watsoea01,31,SEATTLE SUPERSONICS,61,totals_2006.csv
480,480,32,256,1422,348,77,62,557,75,75,617,263,21,2893,Chris Webber,184,219,['POWER FORWARD'],webbech01,103,PHILADELPHIA 76ERS,182,totals_2006.csv
481,481,19,34,348,71,182,14,101,61,18,139,61,65,1070,Martell Webster,29,90,['SMALL FORWARD'],webstma02,21,PORTLAND TRAIL BLAZERS,43,totals_2006.csv
482,482,29,144,613,190,45,25,259,52,41,284,129,10,1684,Bonzi Wells,142,156,['SHOOTING GUARD'],wellsbo01,94,SACRAMENTO KINGS,126,totals_2006.csv
483,483,26,62,222,87,49,1,89,58,2,86,65,14,866,Jiří Welsch,22,65,['SMALL FORWARD'],welscji01,34,MILWAUKEE BUCKS,41,totals_2006.csv
484,484,35,204,561,187,271,6,154,71,59,226,151,99,2372,David Wesley,24,212,['SHOOTING GUARD'],wesleda01,59,HOUSTON ROCKETS,120,totals_2006.csv
485,485,25,92,1036,236,11,64,380,74,74,530,199,3,2526,David West,168,214,['POWER FORWARD'],westda01,61,NEW ORLEANS/OKLAHOMA CITY HORNETS,105,totals_2006.csv
486,486,22,329,684,101,218,46,232,71,71,333,86,84,2418,Delonte West,57,197,['POINT GUARD'],westde01,84,BOSTON CELTICS,133,totals_2006.csv
487,487,23,17,57,6,0,8,27,23,0,23,3,0,212,Robert Whaley,16,41,['CENTER'],whalero01,7,UTAH JAZZ,14,totals_2006.csv
488,488,23,18,168,59,2,21,127,48,1,90,38,0,657,Chris Wilcox,46,103,['CENTER'],wilcoch01,15,LOS ANGELES CLIPPERS,32,totals_2006.csv
489,489,23,34,282,94,0,13,165,29,23,167,74,0,872,Chris Wilcox,72,80,['POWER FORWARD'],wilcoch01,18,SEATTLE SUPERSONICS,40,totals_2006.csv
490,490,26,107,435,162,56,12,113,82,12,193,136,14,1525,Damien Wilkins,79,144,['SMALL FORWARD'],wilkida02,72,SEATTLE SUPERSONICS,85,totals_2006.csv
491,491,26,18,59,12,14,1,21,37,0,17,6,2,243,Mike Wilks,6,27,['POINT GUARD'],wilksmi01,8,CLEVELAND CAVALIERS,15,totals_2006.csv
492,492,26,14,31,29,5,0,9,10,0,12,19,1,105,Mike Wilks,3,7,['POINT GUARD'],wilksmi01,6,SEATTLE SUPERSONICS,9,totals_2006.csv
493,493,34,1,19,6,0,3,10,14,3,10,5,0,99,Aaron Williams,5,28,['CENTER'],williaa01,4,TORONTO RAPTORS,5,totals_2006.csv
494,494,34,16,157,52,0,18,107,34,2,81,35,0,692,Aaron Williams,59,110,['CENTER'],williaa01,13,NEW ORLEANS/OKLAHOMA CITY HORNETS,25,totals_2006.csv
495,495,31,0,3,2,2,0,3,1,0,0,1,0,10,Alvin Williams,0,0,['POINT GUARD'],willial02,0,TORONTO RAPTORS,0,totals_2006.csv
496,496,21,359,805,135,219,17,159,80,47,339,95,91,2307,Deron Williams,35,233,['POINT GUARD'],willide01,60,UTAH JAZZ,145,totals_2006.csv
497,497,33,15,75,38,18,2,40,28,11,29,28,5,352,Eric Williams,10,55,['SMALL FORWARD'],willier01,7,TORONTO RAPTORS,15,totals_2006.csv
498,498,30,287,606,98,288,5,133,59,56,268,85,107,1874,Jason Williams,6,101,['POINT GUARD'],willija02,53,MIAMI HEAT,100,totals_2006.csv
499,499,19,10,52,13,9,0,16,30,0,23,8,2,145,Lou Williams,3,13,['POINT GUARD'],willilo02,5,PHILADELPHIA 76ERS,13,totals_2006.csv
500,500,19,63,531,253,53,24,261,79,7,235,189,13,1952,Marvin Williams,122,227,['POWER FORWARD'],willima02,48,ATLANTA HAWKS,83,totals_2006.csv
501,501,23,230,629,113,191,7,113,58,12,267,96,73,1531,Mo Williams,30,146,['POINT GUARD'],willima01,52,MILWAUKEE BUCKS,105,totals_2006.csv
502,502,32,14,103,49,2,4,46,37,0,43,38,2,362,Corliss Williamson,21,56,['SMALL FORWARD'],willico02,7,SACRAMENTO KINGS,30,totals_2006.csv
503,503,27,4,59,14,1,23,66,27,4,28,6,0,324,Loren Woods,44,49,['CENTER'],woodslo01,9,TORONTO RAPTORS,16,totals_2006.csv
504,504,24,47,254,76,60,13,146,49,16,129,49,22,1013,Qyntel Woods,44,96,['SMALL FORWARD'],woodsqy01,32,NEW YORK KNICKS,61,totals_2006.csv
505,505,26,35,237,121,54,11,52,16,16,109,74,18,603,Metta World Peace,26,45,['SMALL FORWARD'],artesro01,42,INDIANA PACERS,43,totals_2006.csv
506,506,26,168,630,184,199,30,159,40,40,241,132,60,1604,Metta World Peace,49,119,['SMALL FORWARD'],artesro01,80,SACRAMENTO KINGS,88,totals_2006.csv
507,507,21,12,81,22,15,3,22,39,0,29,11,1,370,Antoine Wright,8,42,['SHOOTING GUARD'],wrighan01,4,NEW JERSEY NETS,21,totals_2006.csv
508,508,21,5,51,16,17,0,15,7,0,21,14,6,135,Bracey Wright,3,8,['SHOOTING GUARD'],wrighbr02,1,MINNESOTA TIMBERWOLVES,8,totals_2006.csv
509,509,20,8,43,17,6,1,30,20,2,20,15,3,132,Dorell Wright,2,12,['SMALL FORWARD'],wrighdo01,3,MIAMI HEAT,14,totals_2006.csv
510,510,30,48,406,117,2,46,253,78,58,194,66,0,1689,Lorenzen Wright,142,201,['CENTER'],wrighlo02,52,MEMPHIS GRIZZLIES,67,totals_2006.csv
511,511,24,7,3,0,0,0,3,2,0,2,0,0,32,Derrick Zimmerman,1,4,['POINT GUARD'],zimmede01,0,NEW JERSEY NETS,4,totals_2006.csv
